{
    "video_name": "class2_kick_2",
    "class": 2,
    "num_frames": 54,
    "magnitude_per_frame": [
        0.0,
        0.3368733525276184,
        0.2937510311603546,
        0.29203683137893677,
        0.31496867537498474,
        0.46945899724960327,
        0.36408281326293945,
        0.5231924057006836,
        0.4721807837486267,
        0.4807251989841461,
        0.27247101068496704,
        0.3315975069999695,
        0.5350382328033447,
        0.5710259079933167,
        0.5363044738769531,
        0.5360062718391418,
        0.5007720589637756,
        0.4462724030017853,
        0.3927866816520691,
        0.36241254210472107,
        0.342372864484787,
        0.35493066906929016,
        0.3465539813041687,
        0.3431060314178467,
        0.323346883058548,
        0.3233448266983032,
        0.2995849549770355,
        0.35276445746421814,
        0.30650776624679565,
        0.31357643008232117,
        0.3040386140346527,
        0.33049970865249634,
        0.31092262268066406,
        0.3024013042449951,
        0.32137852907180786,
        0.3194829225540161,
        0.3058629631996155,
        0.37524986267089844,
        0.3337773382663727,
        0.3175293207168579,
        0.1268133819103241,
        0.15606585144996643,
        0.15147344768047333,
        0.19310028851032257,
        0.1567055732011795,
        0.13964639604091644,
        0.156557098031044,
        0.1394234150648117,
        0.1289152055978775,
        0.12451143562793732,
        0.13033854961395264,
        0.12405455112457275,
        0.12175814807415009,
        0.10708355903625488
    ],
    "color_contrast": [
        2.2273849468137,
        2.226849812684486,
        2.2235108605202654,
        2.227116949351238,
        2.2278182366969568,
        2.229948808412192,
        2.2250144799407696,
        2.237365514960806,
        2.2435048452115325,
        2.2544811149048396,
        2.2496060459533633,
        2.2473311837216765,
        2.232123109444474,
        2.223874258581292,
        2.2266657205599327,
        2.234920776830781,
        2.2366134116001977,
        2.2367463305300728,
        2.2335052364422014,
        2.232742311869811,
        2.2284129139390823,
        2.2278189028331563,
        2.228918750158638,
        2.2291238344086723,
        2.229549505969877,
        2.2252016872865985,
        2.2162386323801693,
        2.2143782121805327,
        2.2088545399629633,
        2.208500774665788,
        2.2049513283470072,
        2.214903352910405,
        2.216486457394764,
        2.2183617872390387,
        2.2152436686619232,
        2.2306042082639483,
        2.229519055363007,
        2.2306711660607874,
        2.2264203698363927,
        2.2281115574307027,
        2.227077847042137,
        2.232005797959175,
        2.227523035539678,
        2.2313075641439992,
        2.2285943746958043,
        2.2318119462683548,
        2.230753273035963,
        2.2382975777125287,
        2.233462083810146,
        2.2372205897076802,
        2.233241786018249,
        2.235910962699256,
        2.2344880641268845,
        2.236975709795098
    ]
}