{
    "video_name": "class3_pin_2",
    "class": 3,
    "num_frames": 58,
    "magnitude_per_frame": [
        0.0,
        0.07036537677049637,
        0.07352693378925323,
        0.06797078251838684,
        0.0797574520111084,
        0.07852888107299805,
        0.09133429825305939,
        0.10180237144231796,
        0.09628535807132721,
        0.10212726891040802,
        0.10281762480735779,
        0.10931278020143509,
        0.14496949315071106,
        0.16923180222511292,
        0.19060927629470825,
        0.1544620543718338,
        0.16020065546035767,
        0.1911017745733261,
        0.14525435864925385,
        0.13718657195568085,
        0.16010288894176483,
        0.16989167034626007,
        0.19663618505001068,
        0.17967964708805084,
        0.20368348062038422,
        0.21662269532680511,
        0.2612532079219818,
        0.3484228849411011,
        0.3772549629211426,
        0.44048571586608887,
        0.4792722761631012,
        0.49723950028419495,
        0.5027942657470703,
        0.5483568906784058,
        0.551998496055603,
        0.6021551489830017,
        0.5987412333488464,
        0.5679875612258911,
        0.587788999080658,
        0.6126112937927246,
        0.7009341716766357,
        0.7735020518302917,
        0.9714307188987732,
        0.9356018900871277,
        0.8779330849647522,
        0.7612292766571045,
        0.5356835722923279,
        0.4139731824398041,
        0.3703717589378357,
        0.3771854639053345,
        0.4477888345718384,
        0.6074156165122986,
        0.7470979690551758,
        0.7994069457054138,
        0.8499298095703125,
        0.7929508686065674,
        0.8271627426147461,
        0.6994906663894653
    ],
    "color_contrast": [
        1.2802336234528338,
        1.2826720443116322,
        1.285627740556972,
        1.2861760063436292,
        1.287974247140377,
        1.288246334084634,
        1.2864731819718116,
        1.2859506037021835,
        1.285142093774527,
        1.2850491046763681,
        1.2844230067994649,
        1.2876835532778061,
        1.2919696508433254,
        1.2945439328330397,
        1.2941494437751322,
        1.2937445072433962,
        1.296503935354166,
        1.2965375935562062,
        1.2961543571745435,
        1.297479059880028,
        1.300388221959052,
        1.2979431986284504,
        1.3007700689834003,
        1.3062909451757279,
        1.3078833150273987,
        1.313742544386921,
        1.315212244471542,
        1.3183063893998348,
        1.3224239438633227,
        1.3253579230147194,
        1.328657596171684,
        1.3315708265249941,
        1.3350505418061378,
        1.3390275385705408,
        1.3479154950117234,
        1.3497788963534776,
        1.350888239857709,
        1.3546923992467879,
        1.3607194806777787,
        1.3737693348806244,
        1.3768420225809737,
        1.3734901664368715,
        1.3739182573332456,
        1.3748328327844284,
        1.3816296560874828,
        1.377559210561594,
        1.3735519108467693,
        1.3693144537764619,
        1.3721146910801554,
        1.3554891249494703,
        1.3517528403410395,
        1.3404061055289647,
        1.3323104639006118,
        1.31909338651122,
        1.299958551345862,
        1.3028840446477445,
        1.3112062553477366,
        1.3218783042848405
    ]
}