{
    "video_name": "class3_stick_3",
    "class": 3,
    "num_frames": 47,
    "magnitude_per_frame": [
        0.0,
        0.3359138071537018,
        0.3240126371383667,
        0.30675986409187317,
        0.26507043838500977,
        0.26258793473243713,
        0.2523666322231293,
        0.23132269084453583,
        0.24304388463497162,
        0.2246314436197281,
        0.21698738634586334,
        0.21031004190444946,
        0.18663886189460754,
        0.23044458031654358,
        0.22347748279571533,
        0.2388434112071991,
        0.25844883918762207,
        0.21072326600551605,
        0.22004200518131256,
        0.17531397938728333,
        0.155929833650589,
        0.17699559032917023,
        0.15628528594970703,
        0.16934889554977417,
        0.18031835556030273,
        0.17050126194953918,
        0.17649105191230774,
        0.1857486516237259,
        0.22677476704120636,
        0.22874918580055237,
        0.28300273418426514,
        0.2851805090904236,
        0.3410187065601349,
        0.331045538187027,
        0.36098286509513855,
        0.36902356147766113,
        0.3608850836753845,
        0.3786028325557709,
        0.39138731360435486,
        0.46138253808021545,
        0.5137836337089539,
        0.43697836995124817,
        0.49460023641586304,
        0.5089690089225769,
        0.536541223526001,
        0.5141578316688538,
        0.4076855480670929
    ],
    "color_contrast": [
        1.782302523282093,
        1.7831153503721502,
        1.78529215793505,
        1.783459252878585,
        1.7826503681407886,
        1.787453846754932,
        1.7884148176498955,
        1.7885310966974495,
        1.7920700430838001,
        1.7933789264338151,
        1.7918032438775602,
        1.7973536516399204,
        1.7941034800347357,
        1.795246032926827,
        1.7892403280307496,
        1.7941170539843492,
        1.7919886001593037,
        1.7937464409513086,
        1.7898734343728608,
        1.7936915912171787,
        1.793427851188941,
        1.7913549694204733,
        1.7854771414195638,
        1.7887173824117113,
        1.78960584602025,
        1.7939827546118061,
        1.7910986365531842,
        1.7905205717603985,
        1.7898100899655782,
        1.7880744132432211,
        1.7912407881546073,
        1.7894971605045564,
        1.7893240005513582,
        1.7900538946201459,
        1.7882815379688919,
        1.7921465754990609,
        1.7829590601790297,
        1.7856181185726423,
        1.7826187264464584,
        1.7802392794831663,
        1.7750300723703407,
        1.784258474466535,
        1.782637341666986,
        1.7874737682856288,
        1.7844999755968156,
        1.7815693802614458,
        1.786538482312026
    ]
}