{
    "video_name": "class1_pull_1",
    "class": 1,
    "num_frames": 50,
    "magnitude_per_frame": [
        0.0,
        0.13791222870349884,
        0.12296371906995773,
        0.11845817416906357,
        0.1308722048997879,
        0.23302653431892395,
        0.4840986728668213,
        0.5421165823936462,
        0.4716370701789856,
        0.3834935426712036,
        0.40848276019096375,
        0.47754961252212524,
        0.4646399915218353,
        0.40292611718177795,
        0.44167953729629517,
        0.3516106903553009,
        0.37080472707748413,
        0.3807049095630646,
        0.35345205664634705,
        0.3386533856391907,
        0.3400089740753174,
        0.335685670375824,
        0.3214056193828583,
        0.30646196007728577,
        0.30292218923568726,
        0.31326329708099365,
        0.31434372067451477,
        0.3306528627872467,
        0.4473082423210144,
        0.6211239695549011,
        0.7926503419876099,
        0.4492866098880768,
        0.36176833510398865,
        0.3738614320755005,
        0.37010106444358826,
        0.341074675321579,
        0.33462420105934143,
        0.3418482840061188,
        0.3571268618106842,
        0.35398903489112854,
        0.3376157283782959,
        0.3440696597099304,
        0.31971830129623413,
        0.3096645474433899,
        0.3012475073337555,
        0.2939835488796234,
        0.26536276936531067,
        0.251613587141037,
        0.24521659314632416,
        0.2400149255990982
    ],
    "color_contrast": [
        1.3517319774826417,
        1.3470341140036441,
        1.3444329475833539,
        1.3471798692789656,
        1.3529209329771716,
        1.3459767328142163,
        1.3505550952454233,
        1.298420345518124,
        1.3137160465827655,
        1.4540538066651891,
        1.5095610787657288,
        1.5184508714688694,
        1.4798176304532573,
        1.455015636384937,
        1.4075118210164987,
        1.3817291748253007,
        1.3428929878090274,
        1.3086955342333737,
        1.2620899750011203,
        1.2196085928196703,
        1.205241639952722,
        1.1819994811230348,
        1.168782333876775,
        1.168549861798141,
        1.1751555805666056,
        1.194149023572597,
        1.201776946138264,
        1.2061546759099275,
        1.2253447919844591,
        1.222032728874692,
        1.2583507547260386,
        1.3038237658762788,
        1.3397176158013235,
        1.4135277403168602,
        1.4486054678520188,
        1.5047170620823394,
        1.5385896552050873,
        1.604293599378379,
        1.592349804230522,
        1.5793489651853476,
        1.6068860353003172,
        1.666864665322262,
        1.6975006576885734,
        1.7677345312270705,
        1.7974677013521476,
        1.8442573418454837,
        1.8346606747963066,
        1.7999678555561882,
        1.8014042860469421,
        1.8130073650805951
    ]
}