{
    "video_name": "class4_shatter_2",
    "class": 4,
    "num_frames": 60,
    "magnitude_per_frame": [
        0.0,
        0.13261014223098755,
        0.09317483007907867,
        0.09941563010215759,
        0.12508456408977509,
        0.1462273746728897,
        0.13825316727161407,
        0.18169385194778442,
        0.23912858963012695,
        0.3064817786216736,
        0.42154353857040405,
        0.5139610171318054,
        0.629187285900116,
        0.6554481387138367,
        0.6922763586044312,
        0.7672242522239685,
        0.6538546681404114,
        0.6512686014175415,
        0.8341302871704102,
        0.8459550142288208,
        0.965466320514679,
        0.9908953905105591,
        1.146823525428772,
        1.0400077104568481,
        1.0088239908218384,
        0.9261340498924255,
        1.1444981098175049,
        1.4554073810577393,
        1.663256049156189,
        1.4708175659179688,
        1.4297174215316772,
        1.4645180702209473,
        1.396421194076538,
        1.2601484060287476,
        1.2443252801895142,
        1.485082983970642,
        1.5861960649490356,
        1.5232380628585815,
        1.4180458784103394,
        1.2952789068222046,
        1.3282381296157837,
        1.3835797309875488,
        1.3374677896499634,
        1.4002604484558105,
        1.530432939529419,
        1.484727144241333,
        1.4277622699737549,
        1.2565689086914062,
        1.107487440109253,
        0.9413824081420898,
        0.7749901413917542,
        0.8143250346183777,
        0.9404157996177673,
        0.8801317811012268,
        0.7546225786209106,
        0.6058140397071838,
        0.6033684611320496,
        0.6119393110275269,
        0.47633907198905945,
        0.3575780391693115
    ],
    "color_contrast": [
        2.079306831070881,
        2.0549133902467602,
        2.0542392217208403,
        2.0497606801306487,
        2.0452339125391976,
        2.040993487435584,
        2.039568571341681,
        2.0395301564775985,
        2.0423778509167985,
        2.041359691428061,
        2.041538235577017,
        2.038773341472326,
        2.0364938418208256,
        2.0449881033082833,
        2.0553339064741905,
        2.067770860025294,
        2.076534147500286,
        2.0690620688738184,
        2.0415892247306444,
        2.0349513260150665,
        2.0471537034033433,
        2.0416190389552438,
        2.060112354560482,
        2.0690468350958096,
        2.10414555040745,
        2.1071996506111756,
        2.0796218864507483,
        2.025004141802793,
        2.0164904496053615,
        1.9877883878434643,
        1.9906000743662744,
        1.9713231415296137,
        1.9741695923532905,
        1.984117484573448,
        1.9875996738244848,
        1.97789809885365,
        1.9738717821476721,
        1.9650003346371818,
        1.97271450971321,
        1.981722075823296,
        2.001495156590197,
        2.0113268238757906,
        2.0291830135952353,
        2.0233123711977865,
        2.0220209897059576,
        2.0112770525177353,
        2.0209522987355655,
        2.013726606920649,
        2.021431102320862,
        2.024310639131872,
        2.0383831543519784,
        2.0305883028719345,
        2.035235807441067,
        2.0262546445264173,
        2.0096342096965003,
        2.0040497694728328,
        2.003153730809169,
        2.006605941794318,
        1.9967293509337631,
        1.9983985076295536
    ]
}