{
    "video_name": "class3_stick_2",
    "class": 3,
    "num_frames": 64,
    "magnitude_per_frame": [
        0.0,
        0.15751002728939056,
        0.20606571435928345,
        0.22114665806293488,
        0.17324741184711456,
        0.16061094403266907,
        0.1989450305700302,
        0.2257641851902008,
        0.19591516256332397,
        0.22025740146636963,
        0.22895318269729614,
        0.17658337950706482,
        0.14766471087932587,
        0.13232800364494324,
        0.13451606035232544,
        0.10577373951673508,
        0.10101165622472763,
        0.11636260896921158,
        0.10727208107709885,
        0.09179185330867767,
        0.07507473230361938,
        0.09793100506067276,
        0.0775499939918518,
        0.08668983727693558,
        0.09349866956472397,
        0.1108136922121048,
        0.11671210825443268,
        0.08336153626441956,
        0.11086636781692505,
        0.10407162457704544,
        0.10316329449415207,
        0.08453860133886337,
        0.09677397459745407,
        0.11671196669340134,
        0.08403696119785309,
        0.0919710174202919,
        0.13763397932052612,
        0.11974149197340012,
        0.11353523284196854,
        0.1534215658903122,
        0.11868495494127274,
        0.09430278092622757,
        0.09347788244485855,
        0.12435159832239151,
        0.11952800303697586,
        0.1613410860300064,
        0.18470832705497742,
        0.18968787789344788,
        0.18751218914985657,
        0.2001427710056305,
        0.19179774820804596,
        0.18625062704086304,
        0.17998327314853668,
        0.17813724279403687,
        0.13446751236915588,
        0.1382942795753479,
        0.13535957038402557,
        0.1307660937309265,
        0.14865772426128387,
        0.1296672523021698,
        0.11491316556930542,
        0.09126012027263641,
        0.08480721712112427,
        0.111664779484272
    ],
    "color_contrast": [
        1.647657633621382,
        1.645725754708542,
        1.6456930834806207,
        1.6458868919755587,
        1.64562449590165,
        1.6456230064863717,
        1.6389398713441463,
        1.6372154641693013,
        1.6386580056932927,
        1.6390455240189417,
        1.6366448359921244,
        1.6341918925273844,
        1.6319877021955826,
        1.6346884308710523,
        1.6354946497701262,
        1.6359202760690204,
        1.6363891617968107,
        1.6303701049228874,
        1.6341039425200643,
        1.63398396603541,
        1.6303761082117327,
        1.630085683767304,
        1.6288318271704847,
        1.6334019909233843,
        1.6297428686447117,
        1.6423145484877,
        1.6390064112899647,
        1.640598393508375,
        1.6377557993963783,
        1.6383268857819246,
        1.6397643825510941,
        1.639663596758259,
        1.639237588869791,
        1.64151749753886,
        1.6405191303050588,
        1.643348526086554,
        1.6402888078323359,
        1.6425527835802927,
        1.6412075833755533,
        1.6426634619636344,
        1.6371565430859267,
        1.6437038891093463,
        1.6467493155501673,
        1.6465936563327965,
        1.6417952499468627,
        1.6416649048399126,
        1.6437876226112067,
        1.6544288132671343,
        1.6551904477879225,
        1.66226352205384,
        1.6670605068447806,
        1.6634632807539746,
        1.660048915640251,
        1.6648413473620385,
        1.6671784821848357,
        1.6764638685961113,
        1.6789683247718095,
        1.668615522305951,
        1.6690614395147765,
        1.6674477277719342,
        1.6666197625925767,
        1.6697366383572905,
        1.6691681402406449,
        1.6616214133612517
    ]
}