{
    "video_name": "class3_strap_1",
    "class": 3,
    "num_frames": 149,
    "magnitude_per_frame": [
        0.0,
        0.8669339418411255,
        0.871170163154602,
        0.8929403424263,
        0.9906841516494751,
        0.9819400906562805,
        1.0689918994903564,
        1.146705150604248,
        1.0318124294281006,
        0.8892025947570801,
        0.998795747756958,
        0.7243677377700806,
        0.6134620904922485,
        0.5461738705635071,
        0.46969181299209595,
        0.4337621331214905,
        0.5197094678878784,
        0.5046103000640869,
        0.4470193386077881,
        0.43869921565055847,
        0.47710803151130676,
        0.47100600600242615,
        0.5213562250137329,
        0.548446774482727,
        0.5620225071907043,
        0.5966546535491943,
        0.6196544170379639,
        0.5678637623786926,
        0.45355984568595886,
        0.5620843768119812,
        0.6891368627548218,
        0.6198656558990479,
        0.643012523651123,
        0.4791449010372162,
        0.46838638186454773,
        0.4058871269226074,
        0.37867629528045654,
        0.37506064772605896,
        0.3400467038154602,
        0.25801604986190796,
        0.2097838819026947,
        0.21436630189418793,
        0.27678966522216797,
        0.27288201451301575,
        0.2992545962333679,
        0.2692056894302368,
        0.22690331935882568,
        0.1576065570116043,
        0.15802642703056335,
        0.17812974750995636,
        0.1808329075574875,
        0.2191305011510849,
        0.2285868525505066,
        0.18388330936431885,
        0.19132012128829956,
        0.19035650789737701,
        0.19905585050582886,
        0.2201121747493744,
        0.20542606711387634,
        0.22752374410629272,
        0.2528269588947296,
        0.2283521145582199,
        0.23851144313812256,
        0.2599051296710968,
        0.23833440244197845,
        0.2741181254386902,
        0.2253725528717041,
        0.28751370310783386,
        0.23809172213077545,
        0.2425675392150879,
        0.2121303379535675,
        0.17522470653057098,
        0.2622930109500885,
        0.23622636497020721,
        0.3208099603652954,
        0.24594619870185852,
        0.21310529112815857,
        0.1621442288160324,
        0.18849186599254608,
        0.26295480132102966,
        0.2533087432384491,
        0.2758153975009918,
        0.3844779133796692,
        0.3266351521015167,
        0.4110274016857147,
        0.44268763065338135,
        0.49391970038414,
        0.4869290590286255,
        0.5645743012428284,
        0.6121837496757507,
        0.5614631175994873,
        0.5012862682342529,
        0.4498955309391022,
        0.4824588894844055,
        0.428903192281723,
        0.4185849726200104,
        0.525651216506958,
        0.4082678556442261,
        0.44092658162117004,
        0.481702595949173,
        0.4357753098011017,
        0.47555702924728394,
        0.398584246635437,
        0.41756492853164673,
        0.4588761031627655,
        0.4946659803390503,
        0.4961951673030853,
        0.4553861916065216,
        0.4547707438468933,
        0.4034983515739441,
        0.3831091523170471,
        0.38165634870529175,
        0.40449047088623047,
        0.2548494040966034,
        0.26785463094711304,
        0.26881280541419983,
        0.2613772749900818,
        0.2912057340145111,
        0.2717626094818115,
        0.19757896661758423,
        0.20230506360530853,
        0.20957085490226746,
        0.2751873731613159,
        0.2110086977481842,
        0.23443786799907684,
        0.24433493614196777,
        0.22898754477500916,
        0.2702087163925171,
        0.2204899936914444,
        0.1760351061820984,
        0.1790207028388977,
        0.1592099964618683,
        0.1471972018480301,
        0.20742948353290558,
        0.23158308863639832,
        0.3172035217285156,
        0.45985499024391174,
        0.5749472379684448,
        0.6658747792243958,
        0.7290087342262268,
        0.7567611932754517,
        0.6841012239456177,
        0.5186106562614441,
        0.46491485834121704,
        0.27442148327827454,
        0.24760635197162628,
        0.2905990481376648,
        0.3080350458621979,
        0.2721313536167145
    ],