{
    "video_name": "class2_shove_2",
    "class": 2,
    "num_frames": 56,
    "magnitude_per_frame": [
        0.0,
        0.36509397625923157,
        0.2820050120353699,
        0.38189876079559326,
        0.541364312171936,
        0.47680845856666565,
        0.4211442768573761,
        0.44842764735221863,
        0.2979625463485718,
        0.3542206585407257,
        0.343901664018631,
        0.3551158010959625,
        0.34192851185798645,
        0.3194020092487335,
        0.3068501651287079,
        0.42123517394065857,
        0.4436255991458893,
        0.3929404020309448,
        0.4239429235458374,
        0.4340856969356537,
        0.4792632460594177,
        0.5262807011604309,
        0.535742461681366,
        0.5996605753898621,
        0.602925717830658,
        0.6284782290458679,
        0.6503866314888,
        0.7208380103111267,
        0.787601888179779,
        0.6600338816642761,
        0.6362072825431824,
        0.66295325756073,
        0.6293219327926636,
        0.6013171076774597,
        0.7273244857788086,
        0.6822555065155029,
        0.7132229208946228,
        0.7240386009216309,
        0.8724536299705505,
        0.8546139001846313,
        0.8942038416862488,
        0.9545460343360901,
        1.0213782787322998,
        1.078354001045227,
        1.244102954864502,
        1.2877782583236694,
        1.2060203552246094,
        1.2217656373977661,
        1.225689172744751,
        1.1806647777557373,
        1.2771629095077515,
        1.141025185585022,
        1.1272658109664917,
        0.9515083432197571,
        0.9631311297416687,
        1.054273009300232
    ],
    "color_contrast": [
        2.693739147869217,
        2.691187709621314,
        2.6862456219312567,
        2.686609065305199,
        2.6775021495128986,
        2.6761087577992146,
        2.670927765930915,
        2.6731828461637526,
        2.6625100867879556,
        2.6672906494564788,
        2.660881137033641,
        2.6633211471636278,
        2.6552343520952246,
        2.6646567879460474,
        2.6591029547866665,
        2.6624062487812155,
        2.6517734020443435,
        2.6598154210874325,
        2.6606123102515,
        2.659280891290361,
        2.657117253668559,
        2.661435930601914,
        2.6614244227319452,
        2.668628107514616,
        2.664403512724512,
        2.6808770561878923,
        2.67897670050186,
        2.683409572267657,
        2.6700483117353504,
        2.695796671680193,
        2.6993685562726206,
        2.705714601144445,
        2.6979456644571194,
        2.700749820234951,
        2.705411574629829,
        2.7037944407327843,
        2.6924595543632592,
        2.6844784752627167,
        2.6888941649646196,
        2.6951807927335905,
        2.693354240661003,
        2.694768079268287,
        2.6913047704483763,
        2.6931411556411833,
        2.7073505010010614,
        2.7346668260826696,
        2.7213972131679034,
        2.717552767881736,
        2.7127111466361504,
        2.7077986083022387,
        2.694921867459021,
        2.688052571959862,
        2.6759943466969056,
        2.6825982417729177,
        2.6923103380818407,
        2.6954687852276367
    ]
}