{
    "video_name": "class4_shatter_1",
    "class": 4,
    "num_frames": 64,
    "magnitude_per_frame": [
        0.0,
        0.1893850713968277,
        0.20341286063194275,
        0.1357077807188034,
        0.13407373428344727,
        0.09605206549167633,
        0.09261051565408707,
        0.12153894454240799,
        0.1287345439195633,
        0.09803378582000732,
        0.09844544529914856,
        0.09374172240495682,
        0.14926564693450928,
        0.17252619564533234,
        0.20445410907268524,
        0.20704156160354614,
        0.2592524290084839,
        0.28826799988746643,
        0.32207053899765015,
        0.337348997592926,
        0.40674787759780884,
        0.5435640811920166,
        0.7175683975219727,
        0.674716591835022,
        0.5645822286605835,
        0.4680477976799011,
        0.5288811326026917,
        0.38976559042930603,
        0.3814750015735626,
        0.37252381443977356,
        0.45027589797973633,
        0.46368443965911865,
        0.5222517251968384,
        0.5486885905265808,
        0.5937053561210632,
        0.6862546801567078,
        0.7377534508705139,
        0.8302314877510071,
        0.6434361934661865,
        0.47279801964759827,
        0.5504306554794312,
        0.4361562430858612,
        0.4678014814853668,
        0.5047152638435364,
        0.5708854794502258,
        0.6569550633430481,
        0.6343386173248291,
        0.512560248374939,
        0.5075041651725769,
        0.42626672983169556,
        0.45722195506095886,
        0.48133042454719543,
        0.42391517758369446,
        0.4292469024658203,
        0.43547993898391724,
        0.41058990359306335,
        0.3714904189109802,
        0.3670434057712555,
        0.3158189356327057,
        0.31217607855796814,
        0.3675118088722229,
        0.5615187287330627,
        0.46764829754829407,
        0.4575997591018677
    ],
    "color_contrast": [
        2.3452384243097564,
        2.323925918075311,
        2.3232112105575444,
        2.32328663925012,
        2.3180413823375394,
        2.3203029659252796,
        2.3187386071858227,
        2.3205317250157083,
        2.3200950330660426,
        2.325353583814686,
        2.325402046631055,
        2.3248625398358866,
        2.3295068885771424,
        2.32754953484567,
        2.333559749654336,
        2.333883357957807,
        2.336844598280601,
        2.3424538428270174,
        2.352607647786585,
        2.3537205306609246,
        2.358456409431452,
        2.3649692663192474,
        2.364739380641377,
        2.363034782368392,
        2.3626148418328956,
        2.3643556799841248,
        2.348586374445785,
        2.3497013919528604,
        2.3451118825770068,
        2.33714477989318,
        2.340780477211657,
        2.3441398392122124,
        2.342924116678843,
        2.3494417480089544,
        2.3482613877341327,
        2.3476196061448307,
        2.327508270217798,
        2.3289272885014647,
        2.321309823799484,
        2.337289460500417,
        2.353599248689388,
        2.356648441878085,
        2.3394311082067634,
        2.320027565211086,
        2.328480355568285,
        2.325634077876094,
        2.327831294085621,
        2.3169429702530158,
        2.3042753867148478,
        2.2984682981140927,
        2.2968271987257567,
        2.2992127268290328,
        2.298809587158965,
        2.2870497151508373,
        2.280995519028293,
        2.26750688087327,
        2.2653034092255884,
        2.2675203511470814,
        2.2656683435963236,
        2.2625426711373624,
        2.272826228743842,
        2.252701257980063,
        2.249051833299502,
        2.2532856119508877
    ]
}