{
    "video_name": "class1_pull_2",
    "class": 1,
    "num_frames": 57,
    "magnitude_per_frame": [
        0.0,
        0.18593387305736542,
        0.18285734951496124,
        0.20417532324790955,
        0.1858755648136139,
        0.21986670792102814,
        0.2797083854675293,
        0.36588165163993835,
        0.31769660115242004,
        0.3227825462818146,
        0.3274509906768799,
        0.3125126361846924,
        0.31441664695739746,
        0.29587841033935547,
        0.32360804080963135,
        0.3632965385913849,
        0.34702491760253906,
        0.3677835464477539,
        0.4438762068748474,
        0.500198483467102,
        0.5424351096153259,
        0.534200131893158,
        0.5271281599998474,
        0.5557830929756165,
        0.5287735462188721,
        0.45807644724845886,
        0.44436806440353394,
        0.44569748640060425,
        0.42950868606567383,
        0.4200078248977661,
        0.4104151725769043,
        0.4225214719772339,
        0.43661925196647644,
        0.47442445158958435,
        0.47632357478141785,
        0.4802320897579193,
        0.46768441796302795,
        0.4388861358165741,
        0.4087471067905426,
        0.36604568362236023,
        0.3361966609954834,
        0.35226118564605713,
        0.32826319336891174,
        0.32474786043167114,
        0.3534579575061798,
        0.3500828444957733,
        0.34411951899528503,
        0.32569336891174316,
        0.29070860147476196,
        0.2646249830722809,
        0.22543172538280487,
        0.1733810156583786,
        0.13497453927993774,
        0.15983803570270538,
        0.1774517446756363,
        0.17319373786449432,
        0.130742147564888
    ],
    "color_contrast": [
        1.1266375488375902,
        1.1249818395754265,
        1.123539163372235,
        1.1254289553627213,
        1.1260956659351256,
        1.1218879683725806,
        1.119326450074217,
        1.1166031652533548,
        1.1169989496712809,
        1.1116451203528637,
        1.1076997317514803,
        1.1091598538535838,
        1.0989476933124025,
        1.0974631626048805,
        1.098387356807067,
        1.0964045286801822,
        1.0926092010326964,
        1.0930286815490236,
        1.090313759775088,
        1.0898920736195832,
        1.0972948909289033,
        1.112005515784808,
        1.1273841880486621,
        1.1367296315441584,
        1.1418510875959498,
        1.154527697309822,
        1.1624199930254895,
        1.1796658732782936,
        1.178577599900152,
        1.1963178309656233,
        1.2086247948418494,
        1.216618084702144,
        1.2252713417272685,
        1.2378207397922878,
        1.2452518336858809,
        1.2531251617073604,
        1.2641261465176044,
        1.2750621918934504,
        1.2839707377263245,
        1.2890328873697026,
        1.3018658211427319,
        1.3059893421055135,
        1.31575941190202,
        1.3204233381368415,
        1.3196690961172266,
        1.3227046467307997,
        1.3298119410289633,
        1.32596586498568,
        1.3317641301196974,
        1.3274588037346426,
        1.3306349477421646,
        1.329749760471229,
        1.327632403200398,
        1.3285361167677696,
        1.331977298486998,
        1.3263437444647022,
        1.3314882815567963
    ]
}