{
    "video_name": "class4_crush_2",
    "class": 4,
    "num_frames": 66,
    "magnitude_per_frame": [
        0.0,
        0.0774708017706871,
        0.07674121856689453,
        0.08098974823951721,
        0.06203892454504967,
        0.06715971976518631,
        0.06419550627470016,
        0.06387168914079666,
        0.07717195153236389,
        0.09350872784852982,
        0.06208057329058647,
        0.07743485271930695,
        0.06401750445365906,
        0.06509562581777573,
        0.06505350768566132,
        0.07526664435863495,
        0.08001895248889923,
        0.07279498130083084,
        0.06573367863893509,
        0.07240327447652817,
        0.06549278646707535,
        0.06945028156042099,
        0.08820292353630066,
        0.08388737589120865,
        0.07673816382884979,
        0.08025111258029938,
        0.08370580524206161,
        0.09855399280786514,
        0.0768258348107338,
        0.05931823328137398,
        0.08430766314268112,
        0.09058769047260284,
        0.05974705144762993,
        0.07032578438520432,
        0.07782022655010223,
        0.09908652305603027,
        0.08936268091201782,
        0.08211152255535126,
        0.0775826945900917,
        0.09958337247371674,
        0.08689239621162415,
        0.103532575070858,
        0.10703166574239731,
        0.10108092427253723,
        0.08543046563863754,
        0.1824902594089508,
        0.11201545596122742,
        0.10400833189487457,
        0.14330238103866577,
        0.0895535796880722,
        0.09335988759994507,
        0.1189698725938797,
        0.10984227806329727,
        0.09471577405929565,
        0.10355643182992935,
        0.10009875893592834,
        0.0716143399477005,
        0.0775911808013916,
        0.16128355264663696,
        0.08447468280792236,
        0.07038665562868118,
        0.09285394102334976,
        0.11065533757209778,
        0.10903039574623108,
        0.09421456605195999,
        0.12117747217416763
    ],
    "color_contrast": [
        2.026076069425693,
        2.028552167307844,
        2.0270516561805962,
        2.027786985790737,
        2.025902333724688,
        2.027411338611751,
        2.026022746081113,
        2.026472942954465,
        2.0273157525040553,
        2.026929090042273,
        2.022306178372914,
        2.025705538778552,
        2.022138934341922,
        2.027668170087702,
        2.023370471972322,
        2.0270050660059886,
        2.026703587661117,
        2.0268091552107745,
        2.024460954377898,
        2.0249322760967594,
        2.024128015119259,
        2.0244680985026884,
        2.0219859086115153,
        2.025167963658119,
        2.023554703751166,
        2.0274557203037764,
        2.0214313152718137,
        2.0220323030687437,
        2.024582172754362,
        2.0235691834006975,
        2.0198818081897616,
        2.023304259544441,
        2.0221690178495697,
        2.0218341190625844,
        2.020395257917405,
        2.0250942688404177,
        2.0247290238923377,
        2.027465122502212,
        2.024575723758275,
        2.0281336123884603,
        2.0256095482899803,
        2.0278751866026017,
        2.022558519527871,
        2.0252035359086897,
        2.026221827468366,
        2.028659066167801,
        2.023201488320623,
        2.025363207743049,
        2.0240864412697515,
        2.0243254468668503,
        2.0205472271023845,
        2.023235457169468,
        2.0206561388053985,
        2.021115928429891,
        2.01915796135963,
        2.025080113868615,
        2.0280674151640126,
        2.031659482833348,
        2.0312862519354438,
        2.02966721671128,
        2.0293539642672935,
        2.028722293043989,
        2.030099679215572,
        2.031630909296475,
        2.0298271631508062,
        2.0316476917929154
    ]
}