{
    "video_name": "class2_slide_3",
    "class": 2,
    "num_frames": 47,
    "magnitude_per_frame": [
        0.0,
        0.0760272964835167,
        0.08309327065944672,
        0.10176148265600204,
        0.11644720286130905,
        0.14486163854599,
        0.15956901013851166,
        0.16493378579616547,
        0.17306968569755554,
        0.20216616988182068,
        0.20945949852466583,
        0.20718008279800415,
        0.22851794958114624,
        0.24569550156593323,
        0.2641739547252655,
        0.30515286326408386,
        0.35406091809272766,
        0.4063833951950073,
        0.5115796327590942,
        0.5717270970344543,
        0.4957543611526489,
        0.44265809655189514,
        0.34091347455978394,
        0.25766003131866455,
        0.2735386788845062,
        0.2834039628505707,
        0.28521043062210083,
        0.24856145679950714,
        0.1834734082221985,
        0.13760340213775635,
        0.11062438040971756,
        0.11866023391485214,
        0.11147389560937881,
        0.10059376060962677,
        0.08661708980798721,
        0.07951260358095169,
        0.08216286450624466,
        0.08131953328847885,
        0.07901596277952194,
        0.06834983825683594,
        0.06462746113538742,
        0.08266999572515488,
        0.05186210945248604,
        0.05522832274436951,
        0.05317043885588646,
        0.06543484330177307,
        0.05304078757762909
    ],
    "color_contrast": [
        1.4704369737746679,
        1.4640308052224449,
        1.463859750217353,
        1.4654623659331703,
        1.4661427500446977,
        1.4653109746175461,
        1.4648549720120638,
        1.464306361687419,
        1.4675362436620698,
        1.4671491633932285,
        1.4661793522518032,
        1.4651741469685342,
        1.4597431754608041,
        1.4605852474756253,
        1.4574278309261182,
        1.456104544055473,
        1.454229999423733,
        1.4519354019496322,
        1.4559923968348896,
        1.4634198566271444,
        1.457959218818573,
        1.4600170387724154,
        1.4600289667750803,
        1.4581662234051016,
        1.4640075594429445,
        1.469309288735764,
        1.4671330713936777,
        1.4699861043533238,
        1.4623597017255863,
        1.4624556552661288,
        1.4585618611708957,
        1.4583323854888535,
        1.4561338645211797,
        1.4560686149806685,
        1.454304996474637,
        1.454095172516212,
        1.4524146872952648,
        1.450517603350902,
        1.4494977926430495,
        1.4490314959734736,
        1.449389376120901,
        1.448793936841289,
        1.4459942891868431,
        1.4469844725234906,
        1.4451374309476508,
        1.4416558181685863,
        1.4421614702066359
    ]
}