{
    "video_name": "class4_chip_4",
    "class": 4,
    "num_frames": 11,
    "magnitude_per_frame": [
        0.0,
        1.0016345977783203,
        0.9304885268211365,
        0.9174182415008545,
        1.1080507040023804,
        1.138358235359192,
        1.0147963762283325,
        0.7751010060310364,
        0.7402212023735046,
        1.191590666770935,
        1.171228289604187
    ],
    "color_contrast": [
        3.1548492083594177,
        3.1647136638199256,
        3.18100348651324,
        3.1802489428455076,
        3.172218541980175,
        3.155018035480795,
        3.152643714620714,
        3.14689319291716,
        3.145018659367721,
        3.1562438612406094,
        3.169881703923609
    ]
}