{
    "video_name": "class3_tape_2",
    "class": 3,
    "num_frames": 195,
    "magnitude_per_frame": [
        0.0,
        0.05257934331893921,
        0.048069924116134644,
        0.04406225308775902,
        0.03612113371491432,
        0.037766117602586746,
        0.027074798941612244,
        0.05389133840799332,
        0.038202837109565735,
        0.036715928465127945,
        0.04030518978834152,
        0.03896763175725937,
        0.03592450171709061,
        0.03587478771805763,
        0.03763614222407341,
        0.03981870412826538,
        0.04174777865409851,
        0.04190855845808983,
        0.039045773446559906,
        0.044529788196086884,
        0.0420517697930336,
        0.04247501492500305,
        0.035192061215639114,
        0.03366180881857872,
        0.03291238844394684,
        0.026559365913271904,
        0.026749612763524055,
        0.04076015576720238,
        0.054868802428245544,
        0.06669993698596954,
        0.07095921784639359,
        0.07728784531354904,
        0.09389318525791168,
        0.10374985635280609,
        0.12010098248720169,
        0.12705662846565247,
        0.13642899692058563,
        0.14968779683113098,
        0.157348170876503,
        0.15511982142925262,
        0.16425248980522156,
        0.15404550731182098,
        0.19882850348949432,
        0.23311971127986908,
        0.22123396396636963,
        0.22312717139720917,
        0.18088148534297943,
        0.16476231813430786,
        0.14852851629257202,
        0.13516901433467865,
        0.12921850383281708,
        0.12000550329685211,
        0.09976836293935776,
        0.08764031529426575,
        0.05897529423236847,
        0.0399942472577095,
        0.041564520448446274,
        0.042930640280246735,
        0.05597930774092674,
        0.0658579096198082,
        0.07767574489116669,
        0.07726980745792389,
        0.06377311050891876,
        0.07130883634090424,
        0.07790685445070267,
        0.07777366787195206,
        0.07106626033782959,
        0.06281604617834091,
        0.06903330981731415,
        0.07538501173257828,
        0.07837966084480286,
        0.07264082878828049,
        0.07650855928659439,
        0.06208997592329979,
        0.07201164215803146,
        0.07873189449310303,
        0.07068876177072525,
        0.06455859541893005,
        0.06138655170798302,
        0.057358164340257645,
        0.06294765323400497,
        0.0556340292096138,
        0.05096343159675598,
        0.046412393450737,
        0.061092015355825424,
        0.046309273689985275,
        0.052955593913793564,
        0.04544898867607117,
        0.05047290399670601,
        0.05906789004802704,
        0.06670447438955307,
        0.07248838990926743,
        0.10570218414068222,
        0.11949938535690308,
        0.11003631353378296,
        0.08901703357696533,
        0.07067017257213593,
        0.07402701675891876,
        0.0656505674123764,
        0.06829193979501724,
        0.0970127135515213,
        0.0814768597483635,
        0.08109606057405472,
        0.05825963616371155,
        0.0833481177687645,
        0.12189356237649918,
        0.12153340876102448,
        0.11848529428243637,
        0.11236120760440826,
        0.12643390893936157,
        0.11424624919891357,
        0.09924264252185822,
        0.07925770431756973,
        0.06335154920816422,
        0.06972651183605194,
        0.04911316931247711,
        0.047008100897073746,
        0.05895809084177017,
        0.06375084817409515,
        0.08296465128660202,
        0.06466511636972427,
        0.07224761694669724,
        0.0651920735836029,
        0.05467713251709938,
        0.052260469645261765,
        0.054675307124853134,
        0.055393680930137634,
        0.06061136722564697,
        0.061223454773426056,
        0.09533348679542542,
        0.09104672819375992,
        0.09946668893098831,
        0.09831174463033676,
        0.07649839669466019,
        0.06755951046943665,
        0.0594966858625412,
        0.049719732254743576,
        0.06216993182897568,
        0.07050985842943192,
        0.07330530881881714,
        0.08534852415323257,
        0.0514274537563324,
        0.05344230681657791,
        0.07219212502241135,
        0.04348190501332283,
        0.04688460752367973,
        0.04496461898088455,
        0.05910768359899521,
        0.06206223741173744,
        0.061654068529605865,
        0.07859638333320618,
        0.08823756873607635,
        0.06482817232608795,
        0.05709945783019066,
        0.0630062147974968,
        0.07804173231124878,
        0.05339939147233963,
        0.0543053075671196,
        0.05692196637392044,
        0.061884231865406036,
        0.06466767191886902,
        0.0638052374124527,
        0.06770028918981552,
        0.07022947818040848,
        0.08368613570928574,
        0.07516089826822281,
        0.072898730635643,
        0.06129321828484535,
        0.08216166496276855,
        0.09466979652643204,
        0.10023631900548935,
        0.09731552004814148,
        0.0916566476225853,
        0.08912944048643112,
        0.0946340560913086,
        0.09469711035490036,
        0.093526691198349,
        0.08417102694511414,
        0.08073622733354568,
        0.11172997206449509,
        0.1869964450597763,
        0.23975054919719696,
        0.2636236250400543,
        0.29363158345222473,
        0.28331008553504944,
        0.2145867496728897,
        0.13372302055358887,
        0.11436541378498077,
        0.07813487201929092,
        0.08568879961967468,
        0.0885767936706543,
        0.09215225279331207,
        0.09704545140266418,
        0.10950340330600739,
        0.10452186316251755
    ],