{
    "video_name": "class1_lower_4",
    "class": 1,
    "num_frames": 92,
    "magnitude_per_frame": [
        0.0,
        0.12392200529575348,
        0.128660187125206,
        0.13798412680625916,
        0.12266538292169571,
        0.11541444063186646,
        0.1322430819272995,
        0.12591084837913513,
        0.10782484710216522,
        0.11848891526460648,
        0.1406964510679245,
        0.1712327003479004,
        0.1849254071712494,
        0.20107467472553253,
        0.23820199072360992,
        0.26662468910217285,
        0.2844933569431305,
        0.3050375282764435,
        0.32226231694221497,
        0.3234325647354126,
        0.2982074022293091,
        0.27539175748825073,
        0.2762426733970642,
        0.2648146152496338,
        0.2445872277021408,
        0.23521164059638977,
        0.23158060014247894,
        0.2274191975593567,
        0.21966880559921265,
        0.22845718264579773,
        0.2427397519350052,
        0.24516990780830383,
        0.23608390986919403,
        0.22511661052703857,
        0.23108288645744324,
        0.23525714874267578,
        0.22278062999248505,
        0.2316828817129135,
        0.2561408281326294,
        0.26256513595581055,
        0.2623937129974365,
        0.2701742649078369,
        0.27787327766418457,
        0.2799975872039795,
        0.2685571610927582,
        0.2736721932888031,
        0.28643766045570374,
        0.29220062494277954,
        0.281497985124588,
        0.2909568250179291,
        0.3108808994293213,
        0.31794989109039307,
        0.31283384561538696,
        0.3316531777381897,
        0.3529658913612366,
        0.36233046650886536,
        0.35502567887306213,
        0.359833687543869,
        0.362993448972702,
        0.35951751470565796,
        0.35187360644340515,
        0.35267215967178345,
        0.3561808466911316,
        0.3759033679962158,
        0.3810018301010132,
        0.3893287181854248,
        0.4201284348964691,
        0.42494064569473267,
        0.40691834688186646,
        0.40779539942741394,
        0.4310595691204071,
        0.4203296899795532,
        0.4054718315601349,
        0.39318689703941345,
        0.39059576392173767,
        0.3906792998313904,
        0.37463152408599854,
        0.36697426438331604,
        0.36483925580978394,
        0.35939088463783264,
        0.33075183629989624,
        0.3199498951435089,
        0.3080883026123047,
        0.30893176794052124,
        0.2973521053791046,
        0.29439619183540344,
        0.3006346821784973,
        0.29217615723609924,
        0.2677140235900879,
        0.2512204051017761,
        0.24444620311260223,
        0.22465884685516357
    ],
    "color_contrast": [
        1.2077118996754612,
        1.2099597362168917,
        1.2045398928394015,
        1.2092522989074388,
        1.2078162886918464,
        1.2083759470591378,
        1.2039327401688347,
        1.2087062623811333,
        1.2059276641730405,
        1.208951472644389,
        1.2050365203829825,
        1.2097639862869314,
        1.2078890119134047,
        1.2095290233106069,
        1.203587758951273,
        1.2093034260419002,
        1.2080399825569894,
        1.211494983652705,
        1.2044800779341767,
        1.2090590190057493,
        1.2076286311787108,
        1.2087030425959857,
        1.203346664255822,
        1.2062724117934047,
        1.2046791531436143,
        1.2073943110814633,
        1.2017166975971538,
        1.2045597917722004,
        1.2017527679249835,
        1.2016326757685831,
        1.1962205323157802,
        1.1991305942152515,
        1.1975640074705898,
        1.1984825787390092,
        1.1924167301325013,
        1.1969005972877653,
        1.1925739270264208,
        1.193579976939419,
        1.1881546023686789,
        1.1932008033403012,
        1.190496983502948,
        1.1906092138096533,
        1.1851900316536437,
        1.190575860074432,
        1.1875942818663408,
        1.1891964791154728,
        1.1847428011158974,
        1.190160145860201,
        1.1888383841486618,
        1.189186198685727,
        1.1862161995407452,
        1.192652189718063,
        1.1915332575246047,
        1.1933608474169977,
        1.190700009736337,
        1.1961746110811586,
        1.1961584153503309,
        1.1991040811649756,
        1.196201352091121,
        1.2017052080691197,
        1.200463164891928,
        1.20153567868654,
        1.199052648362283,
        1.2048507811244438,
        1.2029892729401725,
        1.2073633657438978,
        1.2030495990255496,
        1.210673604074504,
        1.2098049080619555,
        1.2132872615862789,
        1.2094218149953702,
        1.2150665070707836,
        1.2134090149068013,
        1.2154447103855484,
        1.2109879059185422,
        1.2155824170932337,
        1.2128536472769278,
        1.2127219706546883,
        1.2066827866147827,
        1.2118946331299518,
        1.2082275870620198,
        1.208317691917227,
        1.2016836094062047,
        1.205015056340141,
        1.202650025529931,
        1.2050080620686712,
        1.1993222404899386,
        1.2015875070096023,
        1.1991066145073737,
        1.2013461139734312,
        1.195814166197353,
        1.2000400341105246
    ]
}