{
    "video_name": "class3_pin_4",
    "class": 3,
    "num_frames": 175,
    "magnitude_per_frame": [
        0.0,
        0.06325461715459824,
        0.05370621755719185,
        0.08643453568220139,
        0.10689502954483032,
        0.13231343030929565,
        0.12417369335889816,
        0.11925560981035233,
        0.1502547264099121,
        0.1622992902994156,
        0.15716993808746338,
        0.1821080893278122,
        0.17790023982524872,
        0.19564735889434814,
        0.2121448516845703,
        0.24877598881721497,
        0.25516775250434875,
        0.3207453787326813,
        0.3146900236606598,
        0.30526337027549744,
        0.31042829155921936,
        0.2795526385307312,
        0.2786257863044739,
        0.2955624461174011,
        0.3355722427368164,
        0.33717358112335205,
        0.3074035942554474,
        0.2731916904449463,
        0.2419431060552597,
        0.23531435430049896,
        0.19784341752529144,
        0.21400417387485504,
        0.1881304234266281,
        0.1805909276008606,
        0.15856820344924927,
        0.13632281124591827,
        0.14933136105537415,
        0.11285344511270523,
        0.1463257372379303,
        0.1430123746395111,
        0.1582678258419037,
        0.17572495341300964,
        0.21080166101455688,
        0.1481800675392151,
        0.1670992225408554,
        0.12361664324998856,
        0.17288243770599365,
        0.15241213142871857,
        0.20251035690307617,
        0.21146680414676666,
        0.23792459070682526,
        0.18191751837730408,
        0.18876972794532776,
        0.20065873861312866,
        0.22213535010814667,
        0.19504483044147491,
        0.14761234819889069,
        0.10372807830572128,
        0.10569720715284348,
        0.10857933759689331,
        0.09466350823640823,
        0.13033534586429596,
        0.14318928122520447,
        0.18690530955791473,
        0.19333617389202118,
        0.18024975061416626,
        0.20379392802715302,
        0.20867390930652618,
        0.19627220928668976,
        0.1792076677083969,
        0.14022371172904968,
        0.15304288268089294,
        0.11907325685024261,
        0.10964781045913696,
        0.10513099282979965,
        0.15582329034805298,
        0.14436721801757812,
        0.13871201872825623,
        0.1633477658033371,
        0.1494276076555252,
        0.13728740811347961,
        0.1613331437110901,
        0.1283380389213562,
        0.14379805326461792,
        0.10906214267015457,
        0.12563557922840118,
        0.13148349523544312,
        0.1392778903245926,
        0.1279369741678238,
        0.10919038951396942,
        0.13475684821605682,
        0.09947270154953003,
        0.11440466344356537,
        0.11155173182487488,
        0.10139922052621841,
        0.07928577810525894,
        0.08640915900468826,
        0.09764526039361954,
        0.12598015367984772,
        0.16597042977809906,
        0.19419893622398376,
        0.1719939261674881,
        0.18394356966018677,
        0.17485874891281128,
        0.17893771827220917,
        0.16818341612815857,
        0.2006230503320694,
        0.19836755096912384,
        0.1951526403427124,
        0.19931060075759888,
        0.20619626343250275,
        0.17611883580684662,
        0.19653712213039398,
        0.12422549724578857,
        0.12830108404159546,
        0.11348883807659149,
        0.15634439885616302,
        0.13256537914276123,
        0.14236442744731903,
        0.15953518450260162,
        0.16526886820793152,
        0.16670888662338257,
        0.1426668018102646,
        0.1565321683883667,
        0.13741004467010498,
        0.12119591981172562,
        0.11970267444849014,
        0.18508101999759674,
        0.24802352488040924,
        0.2733156383037567,
        0.26334530115127563,
        0.2889997363090515,
        0.26169246435165405,
        0.2255478948354721,
        0.18763096630573273,
        0.16378886997699738,
        0.1920948624610901,
        0.17032544314861298,
        0.1511547565460205,
        0.15485577285289764,
        0.13568025827407837,
        0.17652729153633118,
        0.18322394788265228,
        0.21758681535720825,
        0.22353693842887878,
        0.25839173793792725,
        0.274095743894577,
        0.2854621410369873,
        0.2755916118621826,
        0.3035062551498413,
        0.31709644198417664,
        0.3223964273929596,
        0.35565438866615295,
        0.4028938412666321,
        0.46012040972709656,
        0.5165901184082031,
        0.5673195123672485,
        0.5661242008209229,
        0.42811042070388794,
        0.4818798899650574,
        0.49589803814888,
        0.4660100042819977,
        0.30184483528137207,
        0.2338118851184845,
        0.18868990242481232,
        0.1566772609949112,
        0.18056735396385193,
        0.184737890958786,
        0.19346190989017487,
        0.17459237575531006,
        0.21560712158679962,
        0.26825398206710815,
        0.24005895853042603,
        0.24479645490646362,
        0.23299427330493927
    ],