{
    "video_name": "class3_stick_1",
    "class": 3,
    "num_frames": 142,
    "magnitude_per_frame": [
        0.0,
        0.538404107093811,
        0.5476074814796448,
        0.6200717687606812,
        0.6070089340209961,
        0.6502276659011841,
        0.576241135597229,
        0.46410441398620605,
        0.41136279702186584,
        0.39654240012168884,
        0.36093980073928833,
        0.3836330771446228,
        0.34961774945259094,
        0.3505299389362335,
        0.40915927290916443,
        0.5115727186203003,
        0.6315023899078369,
        0.7442532181739807,
        0.756894052028656,
        0.7068495154380798,
        0.7577846646308899,
        0.8044565320014954,
        0.8152859807014465,
        0.8414008021354675,
        0.7786458730697632,
        0.7083355188369751,
        0.6831005215644836,
        0.6322693824768066,
        0.5770303606987,
        0.5667818784713745,
        0.6169252395629883,
        0.5727794766426086,
        0.5664728283882141,
        0.5921504497528076,
        0.5922844409942627,
        0.5345534086227417,
        0.5025918483734131,
        0.48849448561668396,
        0.4308648109436035,
        0.36057645082473755,
        0.2914256453514099,
        0.25731486082077026,
        0.2160235345363617,
        0.17122118175029755,
        0.14010870456695557,
        0.17119166254997253,
        0.1808803677558899,
        0.20217278599739075,
        0.22314319014549255,
        0.2502395510673523,
        0.2256034016609192,
        0.20233047008514404,
        0.2035776823759079,
        0.19371448457241058,
        0.1860603243112564,
        0.17036013305187225,
        0.1818855255842209,
        0.17301398515701294,
        0.1904168426990509,
        0.206313356757164,
        0.1986122578382492,
        0.20654350519180298,
        0.2478000968694687,
        0.31463494896888733,
        0.31816574931144714,
        0.30914047360420227,
        0.3230207562446594,
        0.30857735872268677,
        0.2679639756679535,
        0.30217888951301575,
        0.3231915533542633,
        0.32437002658843994,
        0.35363996028900146,
        0.3667667508125305,
        0.37843000888824463,
        0.3622126579284668,
        0.38547536730766296,
        0.39399439096450806,
        0.4094330370426178,
        0.4389975368976593,
        0.44901883602142334,
        0.4531921446323395,
        0.4142070710659027,
        0.36366328597068787,
        0.2809012830257416,
        0.24558044970035553,
        0.22204138338565826,
        0.20286713540554047,
        0.17457318305969238,
        0.15169626474380493,
        0.17215076088905334,
        0.13995984196662903,
        0.14608989655971527,
        0.15555191040039062,
        0.15191729366779327,
        0.12086659669876099,
        0.12570731341838837,
        0.155491441488266,
        0.1717015653848648,
        0.20495356619358063,
        0.28188157081604004,
        0.39589542150497437,
        0.5283898711204529,
        0.6871498227119446,
        0.7704017758369446,
        0.7381970286369324,
        0.8245936036109924,
        0.8389217853546143,
        0.9494420289993286,
        1.102057695388794,
        0.986577570438385,
        0.9357359409332275,
        0.8965768814086914,
        0.7907768487930298,
        0.752729058265686,
        0.6704829335212708,
        0.6984787583351135,
        0.7039011716842651,
        0.5929734706878662,
        0.4502336382865906,
        0.41579586267471313,
        0.4012519419193268,
        0.35769134759902954,
        0.29030320048332214,
        0.2673516273498535,
        0.25606387853622437,
        0.2068200260400772,
        0.2162293642759323,
        0.18461009860038757,
        0.13282020390033722,
        0.11572768539190292,
        0.13490918278694153,
        0.12497950345277786,
        0.13160410523414612,
        0.13371090590953827,
        0.12096735835075378,
        0.13455729186534882,
        0.11489977687597275,
        0.10424291342496872,
        0.11763159930706024,
        0.1371726393699646,
        0.13672307133674622
    ],