{
    "video_name": "class4_shatter_3",
    "class": 4,
    "num_frames": 31,
    "magnitude_per_frame": [
        0.0,
        1.268240213394165,
        1.3080579042434692,
        1.2409693002700806,
        1.2033090591430664,
        1.2269026041030884,
        1.212943434715271,
        1.2513600587844849,
        1.163053035736084,
        1.1110957860946655,
        1.1296464204788208,
        1.1280606985092163,
        1.0868078470230103,
        1.05081307888031,
        0.9582468271255493,
        0.9426448941230774,
        0.8939878940582275,
        0.9201565980911255,
        0.8864206075668335,
        0.8953304290771484,
        0.8353868126869202,
        0.8027424216270447,
        0.8029642701148987,
        0.7788650989532471,
        0.7382005453109741,
        0.7019644975662231,
        0.7047567963600159,
        0.7090782523155212,
        0.6877456307411194,
        0.6926789283752441,
        0.7032389044761658
    ],
    "color_contrast": [
        2.8216926088183154,
        2.8183517881491027,
        2.812090856432521,
        2.8055386741307946,
        2.791448821142841,
        2.803564940228847,
        2.804424833396034,
        2.8182766778014985,
        2.8116261801949785,
        2.8183579655688633,
        2.8218464040020663,
        2.816810695685548,
        2.808247304632501,
        2.8143265397409603,
        2.823986952218531,
        2.827869032362311,
        2.826213283260208,
        2.831376200139547,
        2.8323876412416644,
        2.8337512367970508,
        2.8338365146470084,
        2.8391237353909435,
        2.845058066871259,
        2.8434609739565118,
        2.839742982453479,
        2.841478769511991,
        2.8431343057252176,
        2.837611479073078,
        2.833457958900558,
        2.834121855926281,
        2.8383694313021137
    ]
}