{
    "video_name": "class2_throw_4",
    "class": 2,
    "num_frames": 63,
    "magnitude_per_frame": [
        0.0,
        1.2060414552688599,
        1.0329052209854126,
        1.2319754362106323,
        1.7046904563903809,
        2.114511489868164,
        1.7283668518066406,
        1.3025153875350952,
        1.2372331619262695,
        1.1202366352081299,
        1.4502102136611938,
        2.0216944217681885,
        1.9814053773880005,
        2.199950695037842,
        2.211559534072876,
        1.9017589092254639,
        1.6891721487045288,
        0.9680637717247009,
        1.2718230485916138,
        1.1987724304199219,
        1.335044026374817,
        1.2397271394729614,
        1.2233864068984985,
        1.5096039772033691,
        1.2513861656188965,
        1.1398259401321411,
        1.1644749641418457,
        1.1387625932693481,
        0.9881953001022339,
        0.9772002696990967,
        1.1748075485229492,
        1.4482603073120117,
        1.232485055923462,
        1.0652388334274292,
        1.375468373298645,
        0.9990448951721191,
        0.755801796913147,
        0.7367005348205566,
        0.7028428912162781,
        0.6783644556999207,
        0.5922753214836121,
        0.6016970276832581,
        0.5209688544273376,
        0.6253767013549805,
        0.9726910591125488,
        1.0170069932937622,
        0.878555417060852,
        0.4886586666107178,
        0.9718998074531555,
        0.7229828834533691,
        0.9608523845672607,
        0.8924450278282166,
        0.6545196175575256,
        0.32044661045074463,
        0.24875758588314056,
        0.7017139196395874,
        0.5781630873680115,
        0.22756487131118774,
        0.5088595151901245,
        0.2858089506626129,
        0.6201248168945312,
        0.5325018167495728,
        0.1952759325504303
    ],
    "color_contrast": [
        2.0695967450964394,
        2.0479256115637696,
        2.0108969342798915,
        2.0960719689982437,
        2.220499809194424,
        2.2266113159512138,
        2.2175508569654436,
        2.2116008459746803,
        2.2200827355598505,
        2.233716016230815,
        2.230753944867271,
        2.2349183202848426,
        2.2590283702101095,
        2.2699234591229174,
        2.2150465838215907,
        2.1429780667606457,
        2.0902845419425913,
        2.041405280590897,
        2.0172657884443526,
        2.0340611573773937,
        2.0327172840126053,
        2.055894539857245,
        2.05975369862049,
        2.0667761118833825,
        2.076473377227738,
        2.0793822844446033,
        2.0890851941890265,
        2.09965939124793,
        2.115548837945098,
        2.125534567311603,
        2.135838582378231,
        2.1503091544979296,
        2.1589693289233143,
        2.160641277937391,
        2.168154980225251,
        2.161475781012673,
        2.173891129488526,
        2.1788444540247416,
        2.1824330539280057,
        2.1859362890584784,
        2.1735871989234865,
        2.1699391222261397,
        2.1676785771288913,
        2.163941954635118,
        2.174799158853539,
        2.1652380955833936,
        2.1637637077651606,
        2.1545585259520075,
        2.1570844866859495,
        2.150973457205148,
        2.1518695359850044,
        2.143625821452717,
        2.151387761407937,
        2.153364197032037,
        2.147142969203945,
        2.139829303459631,
        2.1425743700922157,
        2.1456263075386213,
        2.1450775061699328,
        2.1379723585806336,
        2.141408023621275,
        2.1410314002383117,
        2.1418938577275535
    ]
}