{
    "video_name": "class1_tote_4",
    "class": 1,
    "num_frames": 81,
    "magnitude_per_frame": [
        0.0,
        0.5045307874679565,
        0.5318167805671692,
        0.5689079165458679,
        0.5735200047492981,
        0.5605773329734802,
        0.5726566910743713,
        0.6048603057861328,
        0.6496963500976562,
        0.6363248825073242,
        0.6428759098052979,
        0.6687321662902832,
        0.6848604679107666,
        0.6350348591804504,
        0.6368259787559509,
        0.6410263776779175,
        0.6375317573547363,
        0.6356244087219238,
        0.6433546543121338,
        0.6644347310066223,
        0.6751094460487366,
        0.6578875184059143,
        0.7072232961654663,
        0.7922749519348145,
        0.8172226548194885,
        0.6939922571182251,
        0.6678709983825684,
        0.718761682510376,
        0.7114077806472778,
        0.6381322741508484,
        0.6323020458221436,
        0.6724764108657837,
        0.7156960964202881,
        0.7083151340484619,
        0.7241902351379395,
        0.7509225606918335,
        0.7436918020248413,
        0.6842114329338074,
        0.6872559785842896,
        0.7011216878890991,
        0.6919723153114319,
        0.6589887142181396,
        0.6645200252532959,
        0.7053444385528564,
        0.7932838797569275,
        0.7550196051597595,
        0.705686628818512,
        0.7101513147354126,
        0.7223252058029175,
        0.6950256824493408,
        0.6999889612197876,
        0.7544732093811035,
        0.7430687546730042,
        0.7112910747528076,
        0.741190493106842,
        0.7877839803695679,
        0.8441252112388611,
        0.8289777040481567,
        0.857399582862854,
        0.9099048972129822,
        0.9468300342559814,
        0.9483761787414551,
        0.9074065089225769,
        0.9197462797164917,
        0.8832669258117676,
        0.829082727432251,
        0.8229488730430603,
        0.8762200474739075,
        0.8921043872833252,
        0.8183794617652893,
        0.8085902333259583,
        0.806357741355896,
        0.8039517402648926,
        0.753976583480835,
        0.7320876121520996,
        0.7512122988700867,
        0.778167724609375,
        0.7596256136894226,
        0.7692322731018066,
        0.8280860781669617,
        0.878551721572876
    ],
    "color_contrast": [
        2.267945530244391,
        2.268841927488842,
        2.2738684707902883,
        2.2699085940130654,
        2.2755931421436077,
        2.2762727469232926,
        2.2793382367390835,
        2.2715339241831893,
        2.281793853880201,
        2.281011655351265,
        2.2837903524115437,
        2.2829028555549353,
        2.2875626670262257,
        2.293221609328076,
        2.294420056360417,
        2.2906496911846417,
        2.301884712048606,
        2.3023610808055532,
        2.3145243703946066,
        2.3108384899698855,
        2.3251559544552403,
        2.323296576911977,
        2.328378722267988,
        2.3177519370046893,
        2.3275932738820875,
        2.325677719960318,
        2.327120022663659,
        2.3258491602483464,
        2.332664792598449,
        2.3291576807456114,
        2.3335686053315277,
        2.3305085573706243,
        2.3332699302889184,
        2.335640307113714,
        2.333165535174977,
        2.3290694184120224,
        2.329799155902244,
        2.329299920306456,
        2.325693316123971,
        2.3220153681827704,
        2.3252315263554593,
        2.3223194717173836,
        2.323293399345093,
        2.316890066692914,
        2.317900585082814,
        2.313812617422861,
        2.3113573013264848,
        2.3048850183731653,
        2.30384207240569,
        2.3026217824921877,
        2.3100466262483894,
        2.310410532243503,
        2.3131546891462635,
        2.3156229673346003,
        2.3104147987357133,
        2.296853790218469,
        2.3046821582824073,
        2.290856802355502,
        2.2864355452707175,
        2.2945836830634363,
        2.299514132793487,
        2.3018155313694892,
        2.3095538705305914,
        2.3056685974406532,
        2.3104904672052835,
        2.3036330228190067,
        2.306978591417005,
        2.299300487223254,
        2.3050261184618597,
        2.303556857338633,
        2.315494935657698,
        2.313654325162199,
        2.3154950910770333,
        2.3094553660476915,
        2.311022719367654,
        2.3045606844692608,
        2.3111333737336737,
        2.304220530519039,
        2.308232423449755,
        2.3044476539114878,
        2.307131139236301
    ]
}