{
    "video_name": "class3_pin_1",
    "class": 3,
    "num_frames": 62,
    "magnitude_per_frame": [
        0.0,
        0.11274313926696777,
        0.12074575573205948,
        0.11752808839082718,
        0.12551148235797882,
        0.1075662299990654,
        0.08688939362764359,
        0.09648755937814713,
        0.10708606988191605,
        0.12368322908878326,
        0.12550777196884155,
        0.1101507917046547,
        0.08755285292863846,
        0.08810655027627945,
        0.08831263333559036,
        0.08588823676109314,
        0.10749684274196625,
        0.1001393124461174,
        0.10833591967821121,
        0.09652159363031387,
        0.08459506928920746,
        0.09908580780029297,
        0.11210928112268448,
        0.11510203033685684,
        0.11992577463388443,
        0.13298766314983368,
        0.14736251533031464,
        0.1261441856622696,
        0.12089637666940689,
        0.10971622169017792,
        0.10371290892362595,
        0.11313281953334808,
        0.11386831849813461,
        0.11321797966957092,
        0.14472746849060059,
        0.11862365901470184,
        0.11703900992870331,
        0.12014877051115036,
        0.12143594026565552,
        0.11466699838638306,
        0.13370637595653534,
        0.146036297082901,
        0.11223873496055603,
        0.1063574030995369,
        0.10998139530420303,
        0.09903407096862793,
        0.10655089467763901,
        0.11712715774774551,
        0.1371724009513855,
        0.1310071051120758,
        0.11957527697086334,
        0.11924678087234497,
        0.13598689436912537,
        0.17331720888614655,
        0.20681822299957275,
        0.3243539035320282,
        0.48323002457618713,
        0.7350486516952515,
        1.0111287832260132,
        0.8789019584655762,
        0.8106674551963806,
        0.7283892035484314
    ],
    "color_contrast": [
        1.5864013012386857,
        1.5882339570317683,
        1.5865778572246825,
        1.5857485337583048,
        1.5815762904042416,
        1.5820710103464053,
        1.5807402131018655,
        1.5840602031725948,
        1.5832510344785276,
        1.581710630073665,
        1.581598136171859,
        1.58032268771302,
        1.5785771852259491,
        1.5804936044543862,
        1.5806346834152414,
        1.5820927037164487,
        1.58181328903373,
        1.5835220001431236,
        1.5828339456942997,
        1.5819611286009223,
        1.5794309418805283,
        1.5779857474480605,
        1.5794805010210027,
        1.5812706396872764,
        1.5811943287179795,
        1.5845277277085217,
        1.5858651937650141,
        1.5847835917644144,
        1.584300053392581,
        1.5860529910227439,
        1.5861526354075355,
        1.587274627791043,
        1.5847811307721384,
        1.585727119824521,
        1.5835875828881472,
        1.5842471047252837,
        1.5833833915071318,
        1.5855102066003375,
        1.5842203712370668,
        1.5840496540146205,
        1.5835602778125248,
        1.584656015911422,
        1.5828524876861858,
        1.5838981787881807,
        1.5872697439385146,
        1.5868463612734702,
        1.5876926751808709,
        1.5881725112283223,
        1.5888668189347073,
        1.5881796289434653,
        1.5894792110630358,
        1.5913449820737557,
        1.5942388246644144,
        1.5984722077358864,
        1.6013845908149547,
        1.6081368565439011,
        1.6223456377987253,
        1.6266211463338056,
        1.6201885327515277,
        1.6089940685161022,
        1.6036713287663102,
        1.5953269260957976
    ]
}