{
    "video_name": "class2_slide_2",
    "class": 2,
    "num_frames": 21,
    "magnitude_per_frame": [
        0.0,
        0.5161536931991577,
        0.49952423572540283,
        0.495444655418396,
        0.5249882340431213,
        0.5292292833328247,
        0.47063592076301575,
        0.4712708592414856,
        0.40599486231803894,
        0.37396353483200073,
        0.379961758852005,
        0.4370236396789551,
        0.4285660982131958,
        0.40273645520210266,
        0.3335924446582794,
        0.26732438802719116,
        0.295404314994812,
        0.2962205708026886,
        0.27986660599708557,
        0.32268384099006653,
        0.29375287890434265
    ],
    "color_contrast": [
        2.206350395556278,
        2.1952304386409573,
        2.181883067014223,
        2.17485745449454,
        2.166478097381432,
        2.156094040999088,
        2.1702280463632224,
        2.164663077355365,
        2.169444950130383,
        2.1641648043132755,
        2.1710520115123786,
        2.1640103558859196,
        2.170293002003991,
        2.172098201627189,
        2.1760544891046742,
        2.1721680743023613,
        2.168914618577326,
        2.173278240790502,
        2.1745299491409935,
        2.1791588151545307,
        2.1688488042106746
    ]
}