{
    "video_name": "class4_rip_2",
    "class": 4,
    "num_frames": 36,
    "magnitude_per_frame": [
        0.0,
        0.23816366493701935,
        0.2378632128238678,
        0.17869120836257935,
        0.20668399333953857,
        0.21985718607902527,
        0.18036746978759766,
        0.18684132397174835,
        0.18442723155021667,
        0.20599329471588135,
        0.23313209414482117,
        0.34211069345474243,
        0.37084639072418213,
        0.39651331305503845,
        0.5783921480178833,
        0.5753564238548279,
        0.6656420230865479,
        0.7654337286949158,
        0.5894193053245544,
        0.4915103614330292,
        0.38091567158699036,
        0.3710576891899109,
        0.386969655752182,
        0.3980042636394501,
        0.413731187582016,
        0.39701780676841736,
        0.41124674677848816,
        0.3808844983577728,
        0.3627106547355652,
        0.30699819326400757,
        0.2972089946269989,
        0.2712825536727905,
        0.19153378903865814,
        0.1638529747724533,
        0.14584685862064362,
        0.1605607271194458
    ],
    "color_contrast": [
        1.406700160149373,
        1.4048234692134114,
        1.4076553395381228,
        1.4047402645899352,
        1.4039085192216294,
        1.3994558213560406,
        1.3992865377974242,
        1.3976107926825814,
        1.4000054418000727,
        1.396979736181497,
        1.399034730845509,
        1.3976607466612865,
        1.3989569938583777,
        1.4040073085630937,
        1.421695934930048,
        1.435060126278775,
        1.433569959115809,
        1.4351221962941834,
        1.4420925146173773,
        1.439343934764785,
        1.4408230467355296,
        1.4403944341845427,
        1.4384214142437761,
        1.4317669615427107,
        1.4284828625131516,
        1.4195630421022265,
        1.4138842072468214,
        1.4085580647182334,
        1.4060341830281575,
        1.4034895865177555,
        1.4043971307322187,
        1.4037902527259316,
        1.400995458704549,
        1.396631564151753,
        1.3959368130292495,
        1.3937391311683816
    ]
}