{
    "video_name": "class3_fasten_1",
    "class": 3,
    "num_frames": 74,
    "magnitude_per_frame": [
        0.0,
        0.23994877934455872,
        0.16282059252262115,
        0.18759259581565857,
        0.24188685417175293,
        0.27363061904907227,
        0.26627227663993835,
        0.3116165101528168,
        0.24187390506267548,
        0.18792426586151123,
        0.1881008893251419,
        0.14362849295139313,
        0.1379874348640442,
        0.14303889870643616,
        0.19667337834835052,
        0.12142737954854965,
        0.17659315466880798,
        0.1441788673400879,
        0.1444164514541626,
        0.2615300118923187,
        0.17547011375427246,
        0.15348711609840393,
        0.12619125843048096,
        0.14819958806037903,
        0.19645681977272034,
        0.1996859461069107,
        0.2141139656305313,
        0.19268137216567993,
        0.2073446810245514,
        0.12349802255630493,
        0.16269749402999878,
        0.1850704550743103,
        0.15029063820838928,
        0.2874821126461029,
        0.1815456598997116,
        0.2141626477241516,
        0.16725917160511017,
        0.16067549586296082,
        0.14071837067604065,
        0.20337097346782684,
        0.1995030641555786,
        0.20128023624420166,
        0.20902302861213684,
        0.18899580836296082,
        0.18412989377975464,
        0.192982017993927,
        0.21624256670475006,
        0.17197974026203156,
        0.300014466047287,
        0.1604050248861313,
        0.17977850139141083,
        0.18235592544078827,
        0.1897459775209427,
        0.20782849192619324,
        0.15917517244815826,
        0.19446513056755066,
        0.20887790620326996,
        0.1532190591096878,
        0.20298199355602264,
        0.3215303122997284,
        0.32157137989997864,
        0.3399335443973541,
        0.4341583847999573,
        0.37772053480148315,
        0.37141865491867065,
        0.368231862783432,
        0.36087751388549805,
        0.2555103898048401,
        0.36258548498153687,
        0.24588777124881744,
        0.17633134126663208,
        0.20794126391410828,
        0.24110478162765503,
        0.16929909586906433
    ],
    "color_contrast": [
        1.8146227527645784,
        1.816693476159546,
        1.83248827713593,
        1.830447080424864,
        1.8402907868929061,
        1.8483834949096356,
        1.8472385246074687,
        1.8427416192495427,
        1.8530582101489594,
        1.854696826224629,
        1.859609044549108,
        1.8546779797844526,
        1.8586897089667391,
        1.8569900359560938,
        1.8583221104581416,
        1.8493668043698157,
        1.857416153041485,
        1.856850002918459,
        1.8588113985239925,
        1.854077227106283,
        1.8578144845353586,
        1.8590062398250262,
        1.860554605017629,
        1.8506094836954052,
        1.857503771597852,
        1.8541356800623991,
        1.8569794276121063,
        1.8490339716080257,
        1.8585992709403123,
        1.8553858509712478,
        1.8552182703509972,
        1.8476836284900355,
        1.85835074920482,
        1.8533424264104548,
        1.8526480115484705,
        1.8448851210736323,
        1.8534996681091085,
        1.8529143711935658,
        1.8539823987089636,
        1.8506412019847776,
        1.8532839825616647,
        1.8512514801152355,
        1.8521941044422552,
        1.844261388343202,
        1.850398874013163,
        1.8491534490144033,
        1.8532267950044816,
        1.846904398859713,
        1.8538702982559583,
        1.8510949261821674,
        1.8501721106307651,
        1.843920483014055,
        1.8506357545908674,
        1.8484185403612083,
        1.8528442220733552,
        1.8475427321989775,
        1.8556642849998048,
        1.853807513700857,
        1.8540906480876864,
        1.8462000004482049,
        1.8545875864267707,
        1.8567024897262974,
        1.8523131938248028,
        1.843277342704776,
        1.8518616228986038,
        1.8529423127288922,
        1.8427161860286374,
        1.835740074687607,
        1.8415060835441035,
        1.8339583031059081,
        1.8220863017012092,
        1.798225043082529,
        1.8061926802786972,
        1.8039351203471992
    ]
}