{
    "video_name": "class4_chip_3",
    "class": 4,
    "num_frames": 47,
    "magnitude_per_frame": [
        0.0,
        0.17843195796012878,
        0.2514572739601135,
        0.16928578913211823,
        0.19368627667427063,
        0.1959129124879837,
        0.20741210877895355,
        0.22007638216018677,
        0.27170485258102417,
        0.33724066615104675,
        0.2864120602607727,
        0.41532406210899353,
        0.33187800645828247,
        0.32885807752609253,
        0.35465121269226074,
        0.28558817505836487,
        0.303729772567749,
        0.26558205485343933,
        0.35606300830841064,
        0.4103130102157593,
        0.3801388144493103,
        0.5239043831825256,
        0.49222755432128906,
        0.552463710308075,
        0.5770577192306519,
        0.5660739541053772,
        0.6710885763168335,
        0.5939900279045105,
        0.7216988801956177,
        0.685764491558075,
        0.6068496108055115,
        0.6288555264472961,
        0.5879697799682617,
        0.6423789262771606,
        0.5051899552345276,
        0.5113491415977478,
        0.4579445719718933,
        0.5771974325180054,
        0.5618351101875305,
        0.4759595990180969,
        0.5483182072639465,
        0.44081106781959534,
        0.43098270893096924,
        0.4260736405849457,
        0.41455021500587463,
        0.5252606272697449,
        0.41761618852615356
    ],
    "color_contrast": [
        2.025718886937065,
        2.0184532121899514,
        2.028498678934494,
        2.0263660813588458,
        2.0303881656846254,
        2.0186731739402806,
        2.0307700341104042,
        2.031102734665332,
        2.032709177812662,
        2.025764310334395,
        2.0364346806280245,
        2.0338206077923537,
        2.032468080215003,
        2.021417256819147,
        2.03710804654993,
        2.0337329312987245,
        2.0333933684822627,
        2.024638146852858,
        2.033046827220013,
        2.027750106002729,
        2.026628401931314,
        2.013062774867291,
        2.01823006898081,
        2.012463839809079,
        2.013017654675455,
        2.0131581646019376,
        2.0319349997808795,
        2.0296552429382793,
        2.0328306702986065,
        2.019835816702987,
        2.016961659547555,
        2.017771636834155,
        2.016084806579702,
        2.000849047862462,
        2.0116009399855446,
        2.0101863387921983,
        2.0111290086057045,
        2.0012035699843866,
        2.010055600611593,
        2.0043663123503377,
        2.006499738665501,
        1.9947104045796098,
        2.0028671516394883,
        1.9988290712644305,
        1.9990522003544076,
        1.9962546654085567,
        1.9989119787637515
    ]
}