{
    "video_name": "class2_throw_3",
    "class": 2,
    "num_frames": 52,
    "magnitude_per_frame": [
        0.0,
        0.30840736627578735,
        0.3605979084968567,
        0.3020015060901642,
        0.3246060609817505,
        0.30879631638526917,
        0.30838674306869507,
        0.26691579818725586,
        0.32209256291389465,
        0.27728012204170227,
        0.23639027774333954,
        0.19161254167556763,
        0.2014600783586502,
        0.2134704440832138,
        0.20952315628528595,
        0.21624226868152618,
        0.20880728960037231,
        0.23384547233581543,
        0.30462539196014404,
        0.2752063572406769,
        0.34258711338043213,
        0.3738793432712555,
        0.2726879119873047,
        0.3057956099510193,
        0.33917394280433655,
        0.33889496326446533,
        0.45113179087638855,
        0.3032734990119934,
        0.41881677508354187,
        0.43478327989578247,
        0.6528010964393616,
        0.5836621522903442,
        0.48224931955337524,
        0.4243190884590149,
        0.3446229100227356,
        0.3825741410255432,
        0.44710972905158997,
        0.42372626066207886,
        0.3015111982822418,
        0.2741977572441101,
        0.3319860100746155,
        0.338163822889328,
        0.32567939162254333,
        0.32281720638275146,
        0.44648951292037964,
        0.3377959728240967,
        0.3531951606273651,
        0.26891446113586426,
        0.2923407256603241,
        0.21363376080989838,
        0.22117836773395538,
        0.15005797147750854
    ],
    "color_contrast": [
        2.5917618994274467,
        2.5875474662857005,
        2.5938943309882214,
        2.5924497260322306,
        2.592404021365799,
        2.58422384725153,
        2.585296014963545,
        2.579187541893306,
        2.5834309691341537,
        2.570746683317504,
        2.575380091199757,
        2.5750044754607035,
        2.5764873351730326,
        2.5680698105760804,
        2.567878823198398,
        2.5680956447709997,
        2.571328191602219,
        2.5696239125555653,
        2.5871358987317845,
        2.593219042836051,
        2.595876034407288,
        2.5825342649687837,
        2.590207304525025,
        2.590417069558934,
        2.5904554730314655,
        2.5898904076022435,
        2.5935242858927543,
        2.58837779438154,
        2.5905200476613364,
        2.583793065281121,
        2.5809218689710542,
        2.57924525331172,
        2.577737547068455,
        2.5785856840236376,
        2.5777324671761135,
        2.572838532259029,
        2.57049524247709,
        2.5620811456529284,
        2.565477081772573,
        2.561033956866294,
        2.565197793041291,
        2.562949185889858,
        2.567769426085788,
        2.566891554701992,
        2.564007401880799,
        2.5585490948569993,
        2.569001489671568,
        2.57232634116316,
        2.581436838099903,
        2.5806056291828834,
        2.5841560481967623,
        2.5836568845620844
    ]
}