{
    "video_name": "class4_rip_1",
    "class": 4,
    "num_frames": 51,
    "magnitude_per_frame": [
        0.0,
        0.4967120885848999,
        0.21995989978313446,
        0.23144985735416412,
        0.28995048999786377,
        0.3005078434944153,
        0.3402298092842102,
        0.5052953362464905,
        0.14805710315704346,
        0.15279342234134674,
        0.16813506186008453,
        0.21922151744365692,
        0.21216753125190735,
        0.22288112342357635,
        0.2628914415836334,
        0.3004191219806671,
        0.4251328706741333,
        0.1663871705532074,
        0.1549723595380783,
        0.1563897728919983,
        0.15090833604335785,
        0.16561618447303772,
        0.20057888329029083,
        0.16176685690879822,
        0.15219376981258392,
        0.15264637768268585,
        0.15517836809158325,
        0.2042752504348755,
        0.20163065195083618,
        0.18386033177375793,
        0.1695467233657837,
        0.21053963899612427,
        0.3179986774921417,
        0.3070463240146637,
        0.3337523937225342,
        0.2999892830848694,
        0.23978620767593384,
        0.24046467244625092,
        0.24634797871112823,
        0.21852581202983856,
        0.21662820875644684,
        0.4658055901527405,
        0.5197485089302063,
        0.5361643433570862,
        0.6681681275367737,
        0.8525696992874146,
        0.4022851586341858,
        0.3181155323982239,
        0.3152807354927063,
        0.4454369843006134,
        0.3295040428638458
    ],
    "color_contrast": [
        1.5894512141524,
        1.5912868457976264,
        1.5988846859451826,
        1.5972944874962423,
        1.5984122707636659,
        1.5964503353223283,
        1.5949457270947278,
        1.5919044172353607,
        1.6005491551890771,
        1.606791702870616,
        1.6020548223841127,
        1.5985822905049765,
        1.6058838801982793,
        1.6165421265508046,
        1.6228263801202871,
        1.6263622872057706,
        1.6134813246024011,
        1.6052336963582465,
        1.605243741232548,
        1.6020810668084133,
        1.6007920783329048,
        1.6018172319406851,
        1.6023513989868696,
        1.601411279229052,
        1.59970078778044,
        1.597920493409824,
        1.5998101226384407,
        1.5999669356612738,
        1.6051003023961694,
        1.606997950335355,
        1.6081308072252796,
        1.6100437833410495,
        1.6097655868160488,
        1.5976627590462362,
        1.5897643562635106,
        1.5919576553819696,
        1.5961309449612984,
        1.5943741101799243,
        1.5958249815818004,
        1.5941862484080798,
        1.600332798816823,
        1.6094560164768574,
        1.6177904986991323,
        1.6391606118098891,
        1.6319144577446627,
        1.6320116523236674,
        1.6471607000238488,
        1.661049187553886,
        1.660912465860103,
        1.656307645482869,
        1.6541765486538451
    ]
}