{
    "video_name": "class4_snap_4",
    "class": 4,
    "num_frames": 45,
    "magnitude_per_frame": [
        0.0,
        0.07527045905590057,
        0.09293977916240692,
        0.09224089235067368,
        0.10264844447374344,
        0.10709673166275024,
        0.10200661420822144,
        0.18472972512245178,
        0.10424773395061493,
        0.10131580382585526,
        0.10983236134052277,
        0.08540378510951996,
        0.08346593379974365,
        0.07668031752109528,
        0.08286656439304352,
        0.0806371197104454,
        0.10465127229690552,
        0.11830631643533707,
        0.08911027759313583,
        0.09342488646507263,
        0.10290796309709549,
        0.14029797911643982,
        0.11534617096185684,
        0.1427595615386963,
        0.09045522660017014,
        0.08791367709636688,
        0.09074848145246506,
        0.10467389225959778,
        0.07204658538103104,
        0.11567435413599014,
        0.1203092709183693,
        0.1588418334722519,
        0.2186281532049179,
        0.19513382017612457,
        0.18476009368896484,
        0.17143632471561432,
        0.14746491611003876,
        0.13889974355697632,
        0.12009235471487045,
        0.12263776361942291,
        0.09924060106277466,
        0.137897789478302,
        0.11470992863178253,
        0.10060888528823853,
        0.08466050773859024
    ],
    "color_contrast": [
        1.7328061111495228,
        1.7376924723144838,
        1.7308052131658367,
        1.7322815691894162,
        1.72771574633397,
        1.7271253903387813,
        1.7275037924195862,
        1.7283244850430068,
        1.727780886063963,
        1.7274148809723466,
        1.722541091062406,
        1.7249471766457127,
        1.7254143972028266,
        1.7267406063671553,
        1.7244054420546377,
        1.7294270149037032,
        1.724727603198894,
        1.7258021938614496,
        1.7247379869303956,
        1.7300715631507224,
        1.7310255721450303,
        1.7312374492499836,
        1.7254751685720908,
        1.730398628676127,
        1.724498481575267,
        1.7245207281680428,
        1.716931498498958,
        1.7218559137141742,
        1.7206687997404888,
        1.7220655076062639,
        1.7208020360082303,
        1.7204097129128053,
        1.7137597100147077,
        1.7179647809623164,
        1.7147034139466115,
        1.7180109679939715,
        1.7135946409071516,
        1.7102882972750908,
        1.7090719528732696,
        1.7124144645485346,
        1.7097313071191094,
        1.7064952854143107,
        1.707305892919373,
        1.7086403560104284,
        1.7076898459991836
    ]
}