{
    "video_name": "class3_tape_3",
    "class": 3,
    "num_frames": 101,
    "magnitude_per_frame": [
        0.0,
        1.176649808883667,
        1.1060441732406616,
        1.0642049312591553,
        1.0337183475494385,
        1.0230035781860352,
        1.1546045541763306,
        1.0938018560409546,
        1.007348656654358,
        0.9582651853561401,
        0.9006521105766296,
        0.84250807762146,
        0.7687708735466003,
        0.7414430975914001,
        0.6935789585113525,
        0.6572672128677368,
        0.6345203518867493,
        0.5738301873207092,
        0.48655956983566284,
        0.41062772274017334,
        0.3785538673400879,
        0.31862303614616394,
        0.3053753972053528,
        0.3076091408729553,
        0.28664833307266235,
        0.31771498918533325,
        0.36947789788246155,
        0.34380805492401123,
        0.3061009347438812,
        0.24571581184864044,
        0.24713319540023804,
        0.23996132612228394,
        0.2081829011440277,
        0.17304685711860657,
        0.1290161907672882,
        0.1264277547597885,
        0.15386858582496643,
        0.19500680267810822,
        0.18792374432086945,
        0.1522221863269806,
        0.10945796966552734,
        0.08898860961198807,
        0.08712543547153473,
        0.08615751564502716,
        0.08292688429355621,
        0.08844106644392014,
        0.09692204743623734,
        0.10116522014141083,
        0.12809346616268158,
        0.17130954563617706,
        0.20953670144081116,
        0.22354507446289062,
        0.2130679488182068,
        0.18144822120666504,
        0.1408982127904892,
        0.16890357434749603,
        0.16857559978961945,
        0.16640210151672363,
        0.17215685546398163,
        0.16513052582740784,
        0.1897946000099182,
        0.16771447658538818,
        0.18037797510623932,
        0.1964796483516693,
        0.2241683453321457,
        0.22528816759586334,
        0.21744771301746368,
        0.2252694070339203,
        0.25545474886894226,
        0.26840993762016296,
        0.2765001952648163,
        0.2854195535182953,
        0.2619386315345764,
        0.20265963673591614,
        0.18078038096427917,
        0.2020745873451233,
        0.23323999345302582,
        0.2425331175327301,
        0.2231370508670807,
        0.24352404475212097,
        0.292905330657959,
        0.29360198974609375,
        0.2787337005138397,
        0.2918747365474701,
        0.28039202094078064,
        0.2979211211204529,
        0.3176329433917999,
        0.3618536591529846,
        0.4673868715763092,
        0.5425388216972351,
        0.6469756960868835,
        0.6808333992958069,
        0.7157825827598572,
        0.6692366003990173,
        0.5142383575439453,
        0.4875791370868683,
        0.4508311450481415,
        0.5260417461395264,
        0.5362021327018738,
        0.5856808423995972,
        0.6254398822784424
    ],
    "color_contrast": [
        0.8676032807955548,
        0.8714187223467837,
        0.8788219884130981,
        0.8887268316275632,
        0.9246484739641849,
        0.9546230867846536,
        0.9944320185183129,
        1.0253018067558692,
        1.0517811912032666,
        1.0764374756136235,
        1.093809041692675,
        1.0968169477792968,
        1.101773669183934,
        1.1000570013333417,
        1.116391772085616,
        1.130349339939807,
        1.1386541838757445,
        1.1438658999644769,
        1.1490305795775084,
        1.1525358435360646,
        1.149024992566889,
        1.1483932921777793,
        1.1474276219635144,
        1.1453962479142161,
        1.152593929948976,
        1.147308829874616,
        1.1470459187533473,
        1.1416604905104475,
        1.137119612541604,
        1.1349385061491135,
        1.1382523171745005,
        1.1362118390012637,
        1.1341093401451676,
        1.133843099844633,
        1.1274410920216,
        1.1259999057895655,
        1.124631810202338,
        1.1230391610550874,
        1.1202779065224093,
        1.117095032038737,
        1.1176673901455454,
        1.1180676559314102,
        1.1163778342576807,
        1.1171490553496781,
        1.1190276879580132,
        1.1192640538353609,
        1.1186977023291378,
        1.118795511429208,
        1.1237124192351593,
        1.1216345857838357,
        1.1248404370549658,
        1.1231864734551156,
        1.1229691928731038,
        1.1218742929272858,
        1.1252220417464889,
        1.130003683796768,
        1.1284773507187633,
        1.1261112719654502,
        1.1283004355289807,
        1.1269467836390847,
        1.1258152966904427,
        1.1222496607668686,
        1.1220789009169907,
        1.1215157866613832,
        1.1216272673979126,
        1.1216479352288788,
        1.124152825744679,
        1.123598183090545,
        1.1253639126216863,
        1.1268037398772812,
        1.1284673177046813,
        1.126697027317475,
        1.1306166292816096,
        1.128672690679264,
        1.1268010915768245,
        1.124565676976325,
        1.1209837571679504,
        1.1191672888302382,
        1.12141927472838,
        1.1248202820133661,
        1.1328951721452125,
        1.1358729205584739,
        1.13856714850063,
        1.1459690156227857,
        1.1412306239985175,
        1.1383211623694631,
        1.1410552369366163,
        1.1412483155562427,
        1.1403156587762915,
        1.1232371616796912,
        1.1143459904937716,
        1.098353881238521,
        1.0660089456051323,
        1.0748451715153162,
        1.047342550972236,
        1.0016089947228293,
        0.9266571354320603,
        0.8947248127148534,
        0.8899741389313879,
        0.8865102936320503,
        0.8905885372386495
    ]
}