{
    "video_name": "class4_chip_2",
    "class": 4,
    "num_frames": 30,
    "magnitude_per_frame": [
        0.0,
        1.1989394426345825,
        1.228000283241272,
        1.2076236009597778,
        1.2668335437774658,
        1.3800455331802368,
        1.665112018585205,
        1.8684532642364502,
        1.3215564489364624,
        0.9962083697319031,
        0.912733256816864,
        1.0635062456130981,
        0.9974046349525452,
        0.8814221620559692,
        0.8054649829864502,
        0.7807149887084961,
        0.7106329202651978,
        0.6731700301170349,
        0.5982362627983093,
        0.5685652494430542,
        0.5793564915657043,
        0.7006740570068359,
        0.7259705066680908,
        0.7064869999885559,
        0.6951019167900085,
        0.6981973052024841,
        0.8981243968009949,
        1.0977414846420288,
        1.0094146728515625,
        0.9166359305381775
    ],
    "color_contrast": [
        2.238105659017924,
        2.2748328234864434,
        2.2993743552549732,
        2.278643247161398,
        2.2476136526486923,
        2.221705632490463,
        2.181088986699066,
        2.1681907411514603,
        2.160479346260516,
        2.1507205293628444,
        2.151721449129924,
        2.164314884068904,
        2.164341936575399,
        2.17274973061043,
        2.177607018295491,
        2.1891166546479135,
        2.1881728459191536,
        2.1968430216979815,
        2.207597761305301,
        2.2093052729288236,
        2.2099878336449876,
        2.2116548022975393,
        2.218624538924745,
        2.2206707847342173,
        2.22269877705722,
        2.223513526951881,
        2.234838228310806,
        2.2373225710626845,
        2.2325250922627142,
        2.2404241765136863
    ]
}