{
    "video_name": "class1_push_3",
    "class": 1,
    "num_frames": 69,
    "magnitude_per_frame": [
        0.0,
        0.18088828027248383,
        0.21184547245502472,
        0.2744341492652893,
        0.3060508370399475,
        0.3906855285167694,
        0.3626318573951721,
        0.4315274953842163,
        0.49195078015327454,
        0.5734493136405945,
        0.6136677265167236,
        0.6792827844619751,
        0.7136066555976868,
        0.7995564937591553,
        0.8101662993431091,
        0.8875131011009216,
        0.9404072165489197,
        1.0201064348220825,
        1.005252718925476,
        1.0310823917388916,
        1.075993537902832,
        1.0205342769622803,
        1.0084201097488403,
        0.9800300598144531,
        0.9391024112701416,
        0.9613402485847473,
        0.9778516292572021,
        0.9364899396896362,
        0.8676726818084717,
        0.7910122871398926,
        0.78243488073349,
        0.6805540919303894,
        0.6852835416793823,
        0.6054295897483826,
        0.48941561579704285,
        0.41833803057670593,
        0.3483203649520874,
        0.3090064823627472,
        0.29904669523239136,
        0.4665972590446472,
        0.44884735345840454,
        0.5570593476295471,
        0.6526912450790405,
        0.7260774970054626,
        0.9394305348396301,
        1.117397665977478,
        0.9486494064331055,
        1.1215860843658447,
        1.0571867227554321,
        1.2209644317626953,
        1.1358726024627686,
        1.1376242637634277,
        0.9662488102912903,
        0.8113619685173035,
        0.8331354260444641,
        1.0573339462280273,
        0.9164116978645325,
        1.0328651666641235,
        1.1168978214263916,
        0.9770203828811646,
        0.5576538443565369,
        0.6858999729156494,
        0.6014133095741272,
        0.5173259377479553,
        0.46865200996398926,
        0.3532538414001465,
        0.38532719016075134,
        0.33676761388778687,
        0.2867392599582672
    ],
    "color_contrast": [
        2.6459787443021425,
        2.6544660207365167,
        2.6552165443767635,
        2.6604827498946637,
        2.661828454277633,
        2.6680897660243716,
        2.6657835838182375,
        2.6670938703621045,
        2.6522863755645054,
        2.6517373596332563,
        2.6360123397361725,
        2.626676049478054,
        2.6118195295326805,
        2.608638720510517,
        2.599629252769308,
        2.596609667526549,
        2.582021608989251,
        2.5905119720465275,
        2.588049936158299,
        2.593221994416146,
        2.577669154172254,
        2.5903489132392536,
        2.5840661204618134,
        2.587140859096195,
        2.588728744723555,
        2.6043776451366356,
        2.6093316791307526,
        2.6119720351490274,
        2.6043057098250015,
        2.6169290783842727,
        2.6127671447119654,
        2.6034882885235695,
        2.5913000694080437,
        2.5966752367876706,
        2.592542689133581,
        2.594635256122528,
        2.583772264190349,
        2.5900563569090154,
        2.588073081047227,
        2.5872495497072743,
        2.5777018788712973,
        2.584267895819597,
        2.5831951823136072,
        2.5927111456409775,
        2.599268552153244,
        2.61527998938883,
        2.612358823299947,
        2.6276861220128676,
        2.6068884993335013,
        2.618500680459538,
        2.6343093167220424,
        2.660376174476519,
        2.668472096577365,
        2.6736908316853443,
        2.6554038258805015,
        2.642922121302126,
        2.6236029140916353,
        2.6231176320099934,
        2.6086876524157296,
        2.6032631611036883,
        2.5778760654017323,
        2.5732876952215107,
        2.558669973156605,
        2.563137785675518,
        2.5504202712701787,
        2.560256807444335,
        2.554185277513509,
        2.558201232783948,
        2.549214708709915
    ]
}