{
    "video_name": "class4_snap_2",
    "class": 4,
    "num_frames": 86,
    "magnitude_per_frame": [
        0.0,
        0.16178879141807556,
        0.1229124665260315,
        0.163260817527771,
        0.12397687137126923,
        0.15142299234867096,
        0.20058545470237732,
        0.12351740896701813,
        0.12692509591579437,
        0.19407007098197937,
        0.15046252310276031,
        0.18716473877429962,
        0.23547245562076569,
        0.2706696689128876,
        0.3180275559425354,
        0.3441895842552185,
        0.38815614581108093,
        0.42521539330482483,
        0.3773014545440674,
        0.3906688094139099,
        0.4192449152469635,
        0.4538271725177765,
        0.5720483660697937,
        0.7049601078033447,
        0.7553945779800415,
        0.8973981142044067,
        1.0085538625717163,
        1.1239604949951172,
        1.3449724912643433,
        1.3415136337280273,
        1.495149850845337,
        1.3067338466644287,
        1.3334996700286865,
        0.721392810344696,
        0.45323696732521057,
        0.6482319235801697,
        0.7053836584091187,
        0.607070803642273,
        0.4757741391658783,
        0.388156920671463,
        0.4064522385597229,
        0.42169177532196045,
        0.33994391560554504,
        0.3743630647659302,
        0.34434136748313904,
        0.32580918073654175,
        0.38381752371788025,
        0.39322561025619507,
        0.4519285261631012,
        0.4014139473438263,
        0.39241093397140503,
        0.4100451171398163,
        0.36847391724586487,
        0.43005526065826416,
        0.5881107449531555,
        0.6647484302520752,
        0.566236138343811,
        0.46792852878570557,
        0.5383192300796509,
        0.6893382668495178,
        1.0509133338928223,
        1.509531855583191,
        1.4876497983932495,
        1.201757550239563,
        1.3864476680755615,
        1.4189900159835815,
        1.371018886566162,
        1.462203025817871,
        1.7617055177688599,
        1.5191377401351929,
        1.5698822736740112,
        1.7031968832015991,
        1.6223491430282593,
        1.6827425956726074,
        1.4241397380828857,
        1.4071049690246582,
        1.2405903339385986,
        1.3256474733352661,
        1.1003600358963013,
        1.1415183544158936,
        0.8978312015533447,
        0.7288891077041626,
        0.5626093745231628,
        0.4806658625602722,
        0.4955838620662689,
        0.4669654965400696
    ],
    "color_contrast": [
        2.937981861360728,
        2.926123926450534,
        2.917498464833045,
        2.913977756589571,
        2.9116118696941857,
        2.9068976283801726,
        2.905106184408461,
        2.905470583022626,
        2.9016119228105453,
        2.904357332907228,
        2.90519303277581,
        2.903600301658376,
        2.901531705832465,
        2.903962378697717,
        2.905318187533658,
        2.907173845383369,
        2.907198635571266,
        2.906941199135005,
        2.9103073310685215,
        2.9091595751042267,
        2.901721876640742,
        2.9067764945792587,
        2.9125211412050036,
        2.919191907363616,
        2.905937252256028,
        2.9008412806157082,
        2.8990735241292724,
        2.8918941024196623,
        2.8893990283211877,
        2.895009412541095,
        2.908777226019845,
        2.903098643183482,
        2.9055005215491345,
        2.9127679883858693,
        2.9189212608209862,
        2.9091380087846876,
        2.900411031178161,
        2.892849317964389,
        2.8763331425405165,
        2.8616406579689624,
        2.835877080493176,
        2.8408856070822353,
        2.8371235512422115,
        2.8374706732490576,
        2.8310855477759347,
        2.8276908956571876,
        2.8288745774236226,
        2.8241534687142265,
        2.8276450412157845,
        2.8265539749422848,
        2.821877026452694,
        2.814321705006109,
        2.8067609829848257,
        2.8042935611097266,
        2.8051221158820945,
        2.804241471576916,
        2.8032211981078237,
        2.810069104214534,
        2.8165900630082605,
        2.8280032397912067,
        2.8469937582763576,
        2.8549905128482673,
        2.8537396942224476,
        2.8619393316160524,
        2.8571551755278035,
        2.8759674618178246,
        2.87755026658012,
        2.876985360830673,
        2.8714293774413764,
        2.8613943183650603,
        2.8560503715121857,
        2.838551101037979,
        2.836576671851699,
        2.8645151878975477,
        2.8785234839232916,
        2.889046852114946,
        2.901051171748723,
        2.8742563039139344,
        2.8631300716244654,
        2.8559747502032873,
        2.8529083243681526,
        2.835275247163528,
        2.822687497969005,
        2.8136895969181324,
        2.81741172395836,
        2.8169548004584506
    ]
}