{
    "video_name": "class2_throw_1",
    "class": 2,
    "num_frames": 46,
    "magnitude_per_frame": [
        0.0,
        0.14419880509376526,
        0.1431303471326828,
        0.16891193389892578,
        0.18905091285705566,
        0.21151503920555115,
        0.19878996908664703,
        0.19558781385421753,
        0.1983647346496582,
        0.22533932328224182,
        0.23900404572486877,
        0.2365279346704483,
        0.22455890476703644,
        0.21392026543617249,
        0.22273831069469452,
        0.2007439285516739,
        0.21989478170871735,
        0.18898449838161469,
        0.2257739007472992,
        0.3267819285392761,
        0.3511410653591156,
        0.4473841190338135,
        0.3546870946884155,
        0.37894314527511597,
        0.39317837357521057,
        0.3840995728969574,
        0.3952012062072754,
        0.3408074676990509,
        0.2650497555732727,
        0.21045877039432526,
        0.17958158254623413,
        0.1491072177886963,
        0.14441266655921936,
        0.14629553258419037,
        0.1477649211883545,
        0.12296491861343384,
        0.11357323825359344,
        0.13862062990665436,
        0.13674624264240265,
        0.14204055070877075,
        0.19529050588607788,
        0.174372598528862,
        0.17370758950710297,
        0.14960533380508423,
        0.1118907481431961,
        0.12476608157157898
    ],
    "color_contrast": [
        1.8694502265079034,
        1.8272639927470247,
        1.8222477503360683,
        1.8280907705512923,
        1.8406257588206296,
        1.8323452846000987,
        1.828685089581869,
        1.8249179966691527,
        1.8491462707221364,
        1.8340914144507954,
        1.8339439647679743,
        1.8401726371963336,
        1.8586064654329353,
        1.858343676360742,
        1.864946434095865,
        1.8674989076540547,
        1.8728939293052254,
        1.8647321162704003,
        1.8512129773461112,
        1.8422780576894762,
        1.8393215103016598,
        1.838858016173041,
        1.8335578486102513,
        1.8382732097777827,
        1.814136456316925,
        1.7976933834130413,
        1.7959185822147572,
        1.7940293334936905,
        1.8027320593330818,
        1.8005660738070608,
        1.7955618805449276,
        1.8024439367312655,
        1.7979684340725994,
        1.8101986506582368,
        1.803479948298042,
        1.8144823053845718,
        1.8050863075584824,
        1.7974601333381979,
        1.7989564048769973,
        1.7911665984380056,
        1.7968698258494171,
        1.7947473896195902,
        1.7977714236655369,
        1.7907548750703501,
        1.7947865745392033,
        1.7887422773100368
    ]
}