{
    "video_name": "class4_chip_1",
    "class": 4,
    "num_frames": 116,
    "magnitude_per_frame": [
        0.0,
        0.378898561000824,
        0.26611852645874023,
        0.6221474409103394,
        0.3806617558002472,
        0.2978977859020233,
        0.34437769651412964,
        0.20911595225334167,
        0.32831600308418274,
        0.26701876521110535,
        0.34204670786857605,
        0.26985564827919006,
        0.3553811013698578,
        0.5032633543014526,
        0.8208484649658203,
        0.6538072824478149,
        0.8028272986412048,
        0.5256224274635315,
        0.3993436098098755,
        0.3727998733520508,
        0.6989574432373047,
        0.7520073056221008,
        0.5945171117782593,
        0.5804014205932617,
        0.4678645133972168,
        0.5193496942520142,
        0.47708141803741455,
        0.4241880774497986,
        0.6192861199378967,
        0.5021604299545288,
        0.5076118111610413,
        0.48880279064178467,
        0.33559125661849976,
        0.3409154415130615,
        0.38718846440315247,
        0.3219779431819916,
        0.22031660377979279,
        0.16300879418849945,
        0.18993690609931946,
        0.17787878215312958,
        0.2983151078224182,
        0.34954988956451416,
        0.15695026516914368,
        0.21961253881454468,
        0.3430587351322174,
        0.40946903824806213,
        0.4023890793323517,
        0.4904986321926117,
        0.5415162444114685,
        0.39912739396095276,
        0.33072128891944885,
        0.2999311685562134,
        0.38220787048339844,
        2.2131495475769043,
        1.4869362115859985,
        1.1129579544067383,
        1.7337342500686646,
        1.4231685400009155,
        1.4668322801589966,
        1.9774582386016846,
        1.1452159881591797,
        0.6011891961097717,
        0.5853325724601746,
        0.6445120573043823,
        0.4302869439125061,
        0.39944323897361755,
        0.4072786569595337,
        0.34838005900382996,
        0.377347856760025,
        0.6517748236656189,
        0.357369601726532,
        0.3669680058956146,
        0.288480669260025,
        0.4128977060317993,
        0.30297282338142395,
        0.36569535732269287,
        0.34609681367874146,
        0.28411388397216797,
        0.2268385887145996,
        0.2848049998283386,
        0.20249445736408234,
        0.1939883977174759,
        0.32718968391418457,
        0.4339507818222046,
        0.5437899231910706,
        0.5824055671691895,
        0.5187867283821106,
        0.541364848613739,
        0.6362581849098206,
        0.6483526825904846,
        0.5641864538192749,
        0.6699557900428772,
        0.9138307571411133,
        0.500399112701416,
        0.6011878848075867,
        0.5820646286010742,
        0.6876702308654785,
        0.7929739356040955,
        0.8009569048881531,
        0.854541540145874,
        0.9132850170135498,
        0.9500941634178162,
        0.8885186910629272,
        0.8675597906112671,
        0.9458569288253784,
        1.0409308671951294,
        1.0187315940856934,
        0.8845481872558594,
        0.7274659872055054,
        0.5431804060935974,
        0.507020115852356,
        0.5173600316047668,
        0.5270707607269287,
        0.4192632734775543,
        0.30881696939468384,
        0.359707236289978
    ],
    "color_contrast": [
        2.0541521163036474,
        2.059122803804491,
        2.0573258782551243,
        2.0439407974572483,
        2.04097355883087,
        2.04539093284398,
        2.049573419511534,
        2.0466698153472516,
        2.041228049428577,
        2.0481313533691936,
        2.055456184011437,
        2.0585152020070145,
        2.0548242570248325,
        2.047819110193148,
        2.026191284060342,
        2.0171713328518788,
        2.019661148696892,
        2.0279103012644355,
        2.022825203879,
        2.0177644752694603,
        2.031177890253337,
        2.030254390734256,
        2.0228274072327475,
        2.0199010502894956,
        2.0227475163217474,
        2.0310822659875667,
        2.036190529426894,
        2.043392962560018,
        2.045456470004503,
        2.047361424710111,
        2.0410038036971656,
        2.0364803769955744,
        2.039615509707372,
        2.0439375309231935,
        2.0481800967645567,
        2.0416042531645204,
        2.043104644326382,
        2.0476887289854373,
        2.0472521490398523,
        2.0430941508940426,
        2.0412972162162113,
        2.03529073794408,
        2.0385569593855237,
        2.0380304316531808,
        2.041475958841323,
        2.0418689333311564,
        2.0410185609004867,
        2.0477323847135236,
        2.050775114416458,
        2.0480418795340083,
        2.048215580833412,
        2.047266899388015,
        2.052003701748979,
        2.0541071220589475,
        2.033733973509845,
        2.0133206392739957,
        2.0070037101258524,
        2.025092829292915,
        2.021849074874959,
        2.004329255817447,
        1.997401841571964,
        2.000234859467423,
        2.0078691701294242,
        2.0115556255080174,
        2.0135981205649798,
        2.0099786587324635,
        2.006930638340601,
        2.0072881190240257,
        2.0052242296601364,
        2.0109133873930882,
        2.0044572833135166,
        1.9986956994680285,
        1.996967645745434,
        2.0004546969871857,
        2.0058127349995565,
        2.010967119344898,
        2.0156988484739196,
        2.0201885267233672,
        2.0187531224754323,
        2.015646027590425,
        2.01780314096189,
        2.0209696499240053,
        2.0203478814840983,
        2.0193630826358446,
        2.013946382089499,
        2.013551079600893,
        2.0097014794146077,
        2.0018844911836755,
        1.9950156010537397,
        1.998615827612816,
        2.0019851252466774,
        2.0007854827463425,
        1.9959228150635606,
        1.9962990857629979,
        1.996515277661121,
        1.9951882249064687,
        1.997115719772786,
        2.0051689764103107,
        2.0095774989354256,
        2.0129200980274162,
        2.015736680407238,
        2.006982930050951,
        2.007524180534018,
        1.9875201451951405,
        1.9818703942429063,
        1.981585006057078,
        1.9832520634554403,
        1.9784460935609152,
        1.9706294603369992,
        1.9680691031760378,
        1.9684084863210434,
        1.9698143602031812,
        1.9627892068263921,
        1.960470152953865,
        1.9546717065426757,
        1.9568733508962772
    ]
}