{
    "video_name": "class1_lower_3",
    "class": 1,
    "num_frames": 64,
    "magnitude_per_frame": [
        0.0,
        0.13243550062179565,
        0.1113775372505188,
        0.11157374083995819,
        0.11435190588235855,
        0.1484862118959427,
        0.12898865342140198,
        0.14796417951583862,
        0.17199936509132385,
        0.16858741641044617,
        0.18044240772724152,
        0.18818116188049316,
        0.1968759298324585,
        0.22220362722873688,
        0.19936427474021912,
        0.1911473423242569,
        0.1889813244342804,
        0.18859624862670898,
        0.17169147729873657,
        0.19519948959350586,
        0.19730064272880554,
        0.22146618366241455,
        0.21041354537010193,
        0.2368352860212326,
        0.23924794793128967,
        0.2601584196090698,
        0.25579917430877686,
        0.2559768855571747,
        0.27076244354248047,
        0.29101285338401794,
        0.2797180116176605,
        0.3059224486351013,
        0.3113960325717926,
        0.3001609146595001,
        0.31323885917663574,
        0.2874607741832733,
        0.28625789284706116,
        0.2640066146850586,
        0.27344876527786255,
        0.30521276593208313,
        0.3003026247024536,
        0.3291531205177307,
        0.32113781571388245,
        0.3171985447406769,
        0.3427577614784241,
        0.35312753915786743,
        0.3417491316795349,
        0.32552021741867065,
        0.34231168031692505,
        0.30537524819374084,
        0.2623574733734131,
        0.23051661252975464,
        0.19651232659816742,
        0.1680510938167572,
        0.15259870886802673,
        0.132192462682724,
        0.13584040105342865,
        0.1303049921989441,
        0.13929009437561035,
        0.0992746576666832,
        0.10984546691179276,
        0.139182448387146,
        0.13846725225448608,
        0.152788445353508
    ],
    "color_contrast": [
        1.9281583461211842,
        1.9384835100645008,
        1.9453049950833827,
        1.9461344789061519,
        1.954942900699527,
        1.9511944642231196,
        1.9571240985063374,
        1.9524908783932078,
        1.964839807096498,
        1.9636743797327845,
        1.9755386823718535,
        1.9840876517738189,
        2.0015555025475624,
        2.002995814022882,
        2.008797187559564,
        2.007108099689259,
        2.026376813680812,
        2.023310436137123,
        2.025209258977668,
        2.028514623706538,
        2.0423439570101225,
        2.04431119832703,
        2.0495149871622815,
        2.055431408234443,
        2.06381949894344,
        2.0641301853877816,
        2.060303918488906,
        2.0562077557658114,
        2.055842558585615,
        2.0618378429256796,
        2.060066881092565,
        2.0584981117028733,
        2.0642573175282872,
        2.0584576454436383,
        2.061818946736974,
        2.0446348776599974,
        2.0493832791876723,
        2.0325905989414252,
        2.019850405553889,
        2.0189821436385116,
        2.018988275810298,
        1.9996883924634912,
        1.98720339568115,
        1.98506410240976,
        1.9844550952369993,
        1.9775116904706909,
        1.9662457935202498,
        1.9649058187474049,
        1.964184131481254,
        1.9480985990904662,
        1.9424614575274743,
        1.9327928793836728,
        1.9410759633198456,
        1.932425108660073,
        1.9312951662531535,
        1.9303415509803499,
        1.9368906203691207,
        1.9379478413533233,
        1.9441567730949478,
        1.9461334752626172,
        1.9548325605452588,
        1.9491175499307507,
        1.9515192832622497,
        1.951440698029433
    ]
}