{
    "video_name": "class3_fasten_3",
    "class": 3,
    "num_frames": 80,
    "magnitude_per_frame": [
        0.0,
        0.6677542924880981,
        0.7025235295295715,
        0.731651782989502,
        0.706061065196991,
        0.6605480313301086,
        0.7411516904830933,
        0.8392753601074219,
        0.806023359298706,
        0.7144752144813538,
        0.780447781085968,
        0.8857743144035339,
        0.9576346278190613,
        1.067417025566101,
        1.2227691411972046,
        1.3697459697723389,
        1.4755113124847412,
        1.567494511604309,
        1.370269536972046,
        1.099476933479309,
        1.1590243577957153,
        1.2909592390060425,
        1.1377208232879639,
        1.0515128374099731,
        1.0984413623809814,
        1.0384925603866577,
        1.1416454315185547,
        1.0154881477355957,
        0.9545689225196838,
        0.7809205651283264,
        0.7252122163772583,
        0.7513031363487244,
        0.7225121259689331,
        0.7272216081619263,
        0.8381103873252869,
        0.7641575336456299,
        0.6841952800750732,
        0.7534528970718384,
        0.756521463394165,
        0.7452037334442139,
        0.711902379989624,
        0.7598848342895508,
        0.7024345397949219,
        0.6601832509040833,
        0.7155948281288147,
        0.6925716996192932,
        0.720283567905426,
        0.721071720123291,
        0.49721455574035645,
        0.7044234871864319,
        0.7584317922592163,
        0.8478167057037354,
        0.7341040372848511,
        0.6201067566871643,
        0.8071224689483643,
        0.6517782807350159,
        0.7889856100082397,
        0.8130655288696289,
        0.9485366344451904,
        0.9958757162094116,
        0.8334914445877075,
        0.7312702536582947,
        0.6984894275665283,
        0.8323776125907898,
        1.0424450635910034,
        0.8856960535049438,
        0.6951766014099121,
        0.8858280181884766,
        0.7530571222305298,
        0.8037188053131104,
        0.8161466121673584,
        0.6089727878570557,
        0.6990034580230713,
        0.6009398698806763,
        0.6604390740394592,
        0.9546283483505249,
        0.8836452960968018,
        0.834421694278717,
        0.9183923602104187,
        0.6599252223968506
    ],
    "color_contrast": [
        2.0823796132713848,
        2.0964549135713777,
        2.0956096129246498,
        2.1193241105703766,
        2.142503914922979,
        2.1481837567053033,
        2.146126543158641,
        2.1543208222318806,
        2.133163492746827,
        2.1169708857160847,
        2.1000248064079203,
        2.1004932167712864,
        2.0842927064024592,
        2.0778186887359835,
        2.081247913371574,
        2.0978302929953556,
        2.1038928531103114,
        2.1308649826770507,
        2.104789958192568,
        2.09167189499771,
        2.0598982100997665,
        2.0376146400504167,
        2.048540015671306,
        2.0740923351718457,
        2.066778409989543,
        2.0912146416246506,
        2.0752004828707853,
        2.0869951806054337,
        2.096043822937232,
        2.084412961816124,
        2.093588552689682,
        2.10962192960188,
        2.0990942542748523,
        2.0998659314901316,
        2.0971154698093204,
        2.1103564523484453,
        2.1040335897195264,
        2.104146354849979,
        2.101991501419501,
        2.108076583375793,
        2.1198596869653463,
        2.1137148630495264,
        2.108393630876877,
        2.1101175372997454,
        2.115977196086308,
        2.12695125800173,
        2.125037523863936,
        2.1296339868893193,
        2.122053318346187,
        2.131185182071619,
        2.1254186910179853,
        2.1338378883411626,
        2.127705908074858,
        2.124719407487977,
        2.1252788877068056,
        2.132655219519525,
        2.113811296312486,
        2.1073524443114646,
        2.1097188140942653,
        2.0982551447579536,
        2.0883084624385777,
        2.090970264525235,
        2.092027001335142,
        2.10489408980254,
        2.1149353716807653,
        2.1064599647677578,
        2.098743528652628,
        2.087689960421153,
        2.0937797468602803,
        2.104932706776975,
        2.1117111163501527,
        2.1109630752066635,
        2.1064725293328177,
        2.1087697073891563,
        2.114380091109723,
        2.1171521373960625,
        2.1231037781592286,
        2.122871130501501,
        2.1143561200929546,
        2.120818532412698
    ]
}