{
    "video_name": "class1_tote_3",
    "class": 1,
    "num_frames": 86,
    "magnitude_per_frame": [
        0.0,
        0.4470737874507904,
        0.45498546957969666,
        0.5599687099456787,
        0.6641277074813843,
        0.7899545431137085,
        0.8323833346366882,
        0.9069598317146301,
        0.9911730885505676,
        1.1228686571121216,
        1.1601078510284424,
        1.216079592704773,
        1.1727473735809326,
        1.1256284713745117,
        1.0133744478225708,
        0.9849186539649963,
        0.9596022963523865,
        0.9874520897865295,
        0.9436476826667786,
        0.9370161294937134,
        0.9426344633102417,
        1.011712908744812,
        1.0066531896591187,
        1.0787121057510376,
        1.0790847539901733,
        1.1209139823913574,
        1.0889900922775269,
        0.9935716986656189,
        0.9959501028060913,
        1.0600405931472778,
        1.0203161239624023,
        1.0876370668411255,
        1.0099232196807861,
        1.1915901899337769,
        1.09988534450531,
        1.2167187929153442,
        1.2696681022644043,
        1.155400276184082,
        1.2039281129837036,
        1.2311716079711914,
        1.3427778482437134,
        1.2313834428787231,
        1.2065491676330566,
        1.3003454208374023,
        1.217197060585022,
        1.1091339588165283,
        0.8051472902297974,
        0.9311292171478271,
        1.0168395042419434,
        0.9582135081291199,
        0.9515586495399475,
        0.9178258180618286,
        0.9376553297042847,
        0.8554024696350098,
        0.9268171787261963,
        1.032668113708496,
        1.18453848361969,
        1.2932101488113403,
        1.2933635711669922,
        1.170060157775879,
        1.44880211353302,
        1.2400633096694946,
        1.350345253944397,
        1.7000726461410522,
        1.3476214408874512,
        1.6900203227996826,
        2.1151974201202393,
        1.9121369123458862,
        1.6338163614273071,
        1.6851990222930908,
        1.6740374565124512,
        1.5369985103607178,
        1.5579477548599243,
        1.5161932706832886,
        1.313834547996521,
        1.2740155458450317,
        1.073909044265747,
        1.1111935377120972,
        0.9002854824066162,
        0.8988849520683289,
        0.8557946681976318,
        0.6455230712890625,
        0.6782225370407104,
        0.6661718487739563,
        0.5067488551139832,
        0.5558101534843445
    ],
    "color_contrast": [
        3.027656653679542,
        3.008421985855531,
        3.012361483190856,
        3.0058857359213538,
        3.013800186851616,
        3.0077908537574434,
        3.0253230182821085,
        3.0355334225111763,
        3.0699397929454837,
        3.083422059147521,
        3.115585651296417,
        3.099539216717687,
        3.0989448900630707,
        3.085915726179036,
        3.0898694668396702,
        3.0854996178981757,
        3.0902052159675257,
        3.0913719937747546,
        3.0685151859437867,
        3.050840970694446,
        3.0238518089916373,
        3.0069277758349826,
        2.9959058026682897,
        2.986253263722857,
        2.9845235564345205,
        2.9761875835138167,
        2.9851034903106535,
        2.980968640312967,
        2.9859728843893705,
        2.9962230875741236,
        3.0028281278399502,
        3.010053392730182,
        3.0282621555445943,
        3.0141949523850853,
        2.9949641865984726,
        2.9978184766969598,
        2.9976467761725596,
        3.0054987193653,
        3.0153318906300095,
        3.0253873858142852,
        3.016715692806756,
        3.0247800601651247,
        3.007743772766848,
        2.9936462266926416,
        2.975860076602402,
        2.9660731515413055,
        2.974394952197664,
        2.995707828949368,
        2.9806328723528273,
        2.9866801085960737,
        2.964063684017804,
        3.008198504185943,
        3.0266298313927753,
        3.0663524494564056,
        3.049901640156097,
        3.061830136456293,
        3.0362324380081698,
        3.0353799810163196,
        3.019943185697004,
        3.0236963008406534,
        2.9720131858909964,
        2.95370469207886,
        2.947843389451469,
        2.949395118961639,
        2.945150099442667,
        2.928571376334455,
        2.896702917683975,
        2.8694965233107803,
        2.8873595532268874,
        2.887754622285689,
        2.891072809892092,
        2.861182889434776,
        2.864172447614559,
        2.8758785875603503,
        2.856311553822578,
        2.850121555914568,
        2.835669003392399,
        2.8284780254527937,
        2.83146616861166,
        2.8357492954307193,
        2.824687566650862,
        2.7884625856881526,
        2.8010661278016755,
        2.796295969172113,
        2.795918587826851,
        2.793040914202948
    ]
}