{
    "video_name": "class1_push_2",
    "class": 1,
    "num_frames": 89,
    "magnitude_per_frame": [
        0.0,
        0.1947382539510727,
        0.16791939735412598,
        0.15812647342681885,
        0.15607312321662903,
        0.18102766573429108,
        0.1667444258928299,
        0.21517564356327057,
        0.22523535788059235,
        0.2574889361858368,
        0.22390572726726532,
        0.18391796946525574,
        0.30753999948501587,
        0.3839409053325653,
        0.5043760538101196,
        0.4690721035003662,
        0.586997389793396,
        0.5172911286354065,
        0.5104644298553467,
        0.5564848780632019,
        0.6913000345230103,
        0.6261247396469116,
        0.7556129097938538,
        0.6434113383293152,
        0.673730194568634,
        0.736802875995636,
        0.8904402256011963,
        0.8774608373641968,
        0.8016647696495056,
        0.8639533519744873,
        0.8974463939666748,
        0.8326542377471924,
        0.8880964517593384,
        1.0791661739349365,
        0.9643453359603882,
        0.8504867553710938,
        0.7883997559547424,
        0.748262345790863,
        0.8641582131385803,
        0.9079815745353699,
        0.7675220966339111,
        0.9052497744560242,
        0.8278627991676331,
        0.7912269234657288,
        0.8625254034996033,
        0.828702449798584,
        0.7260856032371521,
        0.6698615550994873,
        0.7478854656219482,
        0.7241108417510986,
        0.598463773727417,
        0.6514207720756531,
        0.6678351759910583,
        0.5528881549835205,
        0.5394592881202698,
        0.4432793855667114,
        0.4508936405181885,
        0.48932579159736633,
        0.4831204414367676,
        0.48200684785842896,
        0.5093581080436707,
        0.5610483288764954,
        0.6433311700820923,
        0.5081144571304321,
        0.6235045194625854,
        0.5867109894752502,
        0.4988013505935669,
        0.5072092413902283,
        0.46549850702285767,
        0.5509125590324402,
        0.5169706344604492,
        0.503188967704773,
        0.47654610872268677,
        0.4752417802810669,
        0.482205867767334,
        0.46579843759536743,
        0.5016963481903076,
        0.4516354203224182,
        0.4965856969356537,
        0.43840208649635315,
        0.42954641580581665,
        0.4060516953468323,
        0.3809940218925476,
        0.3052980601787567,
        0.2606377899646759,
        0.18956723809242249,
        0.17499075829982758,
        0.15949808061122894,
        0.2262643277645111
    ],
    "color_contrast": [
        1.5795911354857413,
        1.5777982427197326,
        1.5834298233379558,
        1.5824016955419615,
        1.5817318960563014,
        1.5810352408721773,
        1.5838984789746935,
        1.5806772606931192,
        1.5821766007199507,
        1.5806561536521522,
        1.5811374697718985,
        1.581455466571296,
        1.5840835667870765,
        1.5906509006998444,
        1.5966119303281534,
        1.5970876832172363,
        1.5945818602354205,
        1.5931588065374673,
        1.590389472103806,
        1.5940180169865543,
        1.595892257512971,
        1.6021036386668421,
        1.6052968610487304,
        1.6035971378385512,
        1.6028705930334182,
        1.612300690530014,
        1.607233389471032,
        1.6038118388335738,
        1.6027240603493433,
        1.601478291312478,
        1.608770962772835,
        1.6137204915334875,
        1.6090167640445454,
        1.6086493979480447,
        1.606621881011852,
        1.6012742848271717,
        1.6044684943386198,
        1.5972969151908212,
        1.5881455843811974,
        1.5834725746900304,
        1.5800665935008766,
        1.5779425559893352,
        1.5711059392250049,
        1.5666766726289525,
        1.5636255110069677,
        1.5647116560813523,
        1.5582482867092222,
        1.5528183434911995,
        1.554648190346243,
        1.548657790192837,
        1.5438837005943529,
        1.5396508339410195,
        1.5412283688895527,
        1.5447307783386965,
        1.543581046292853,
        1.5480884361856047,
        1.5539998913009276,
        1.5599223273415819,
        1.5652362354710796,
        1.5716276299466851,
        1.572792973770678,
        1.5772756874970078,
        1.581210207058462,
        1.5857111739191514,
        1.5882184594176665,
        1.5911387307443952,
        1.5917865692444533,
        1.593838121511223,
        1.5981661700010659,
        1.601333408203051,
        1.6009228560264555,
        1.6016675522773272,
        1.6069121366078631,
        1.613769244677417,
        1.618109946150346,
        1.6226608145990107,
        1.628076369365063,
        1.6318920380710902,
        1.6350583840472395,
        1.63838123461458,
        1.64286202012299,
        1.639936473693739,
        1.6423334069690767,
        1.635986032266771,
        1.6377967783747172,
        1.6335534664300357,
        1.6351875907957123,
        1.6344112066220176,
        1.6412876846361926
    ]
}