{
    "video_name": "class4_rip_3",
    "class": 4,
    "num_frames": 92,
    "magnitude_per_frame": [
        0.0,
        0.13682115077972412,
        0.14576567709445953,
        0.16163554787635803,
        0.15595990419387817,
        0.22160539031028748,
        0.3003079295158386,
        0.25188830494880676,
        0.23297502100467682,
        0.2550273537635803,
        0.24161863327026367,
        0.2498747855424881,
        0.22299835085868835,
        0.21964280307292938,
        0.18216556310653687,
        0.1734977811574936,
        0.15318633615970612,
        0.1546875387430191,
        0.1393766552209854,
        0.15193776786327362,
        0.15473198890686035,
        0.18791337311267853,
        0.17502734065055847,
        0.16348330676555634,
        0.15351097285747528,
        0.10878708958625793,
        0.0861082598567009,
        0.10178413987159729,
        0.10662918537855148,
        0.08702502399682999,
        0.0567430779337883,
        0.06233235076069832,
        0.058858565986156464,
        0.0859060138463974,
        0.10312885791063309,
        0.12290672957897186,
        0.12241426855325699,
        0.1129518374800682,
        0.11336001753807068,
        0.12739358842372894,
        0.1379106193780899,
        0.1464284211397171,
        0.13535891473293304,
        0.11327243596315384,
        0.129175066947937,
        0.12426551431417465,
        0.11260629445314407,
        0.1033710464835167,
        0.11060909926891327,
        0.100007563829422,
        0.14542032778263092,
        0.1497497260570526,
        0.17014889419078827,
        0.23004741966724396,
        0.34879550337791443,
        0.3723287880420685,
        0.40552541613578796,
        0.3991846442222595,
        0.3663218915462494,
        0.36115989089012146,
        0.3809301257133484,
        0.3741104304790497,
        0.4032890498638153,
        0.35828468203544617,
        0.3527911603450775,
        0.40156227350234985,
        0.3239060640335083,
        0.3937092423439026,
        0.40991708636283875,
        0.46275240182876587,
        0.4048461318016052,
        0.2881833612918854,
        0.23199553787708282,
        0.23285715281963348,
        0.2467767298221588,
        0.2511787712574005,
        0.22858546674251556,
        0.15505334734916687,
        0.15378279983997345,
        0.15939952433109283,
        0.13235978782176971,
        0.10923270881175995,
        0.11023290455341339,
        0.13424570858478546,
        0.1510896533727646,
        0.17174990475177765,
        0.17592410743236542,
        0.15710853040218353,
        0.17356160283088684,
        0.1658579409122467,
        0.18116110563278198,
        0.16893017292022705
    ],
    "color_contrast": [
        1.7663080635127024,
        1.7442631105072794,
        1.7456679183196258,
        1.747650524754888,
        1.7594651821343763,
        1.7355269777630817,
        1.7404025929307188,
        1.748459047474301,
        1.7480876969595847,
        1.7479207056179547,
        1.7537291991942157,
        1.7550463736679154,
        1.7616938465587741,
        1.7594738474270673,
        1.7695531702632523,
        1.769709141247723,
        1.7758008814601567,
        1.7701253774623424,
        1.7805171448306734,
        1.785011561890936,
        1.7826851572575664,
        1.7795411045598855,
        1.7999590469040931,
        1.783247299583286,
        1.7785892716190426,
        1.7808769513333056,
        1.7786816557347511,
        1.7681090101439325,
        1.764846872482811,
        1.7555609194607327,
        1.7578981988704854,
        1.7643967217842076,
        1.7557467709427084,
        1.7671811269083317,
        1.7584586933724133,
        1.7733991701267737,
        1.7653144841622936,
        1.774674430643773,
        1.7737693847737914,
        1.7813314133990814,
        1.7741118250741117,
        1.7738796602137141,
        1.7733563719677785,
        1.7800762547333464,
        1.772761090080685,
        1.7725518007260932,
        1.7724190118674374,
        1.7749888146447803,
        1.7720426452346532,
        1.7739583808241886,
        1.7650290056572095,
        1.7718786049926922,
        1.7784524929773242,
        1.77983544954307,
        1.7804850170694917,
        1.7893458673911957,
        1.7858487912252314,
        1.79857163123643,
        1.8084383505631527,
        1.8128987280760267,
        1.8272661824864038,
        1.8420659091127736,
        1.8511798295796926,
        1.8546406098086794,
        1.8568527526269034,
        1.852723911808865,
        1.8595739386639543,
        1.848094241035999,
        1.8679004530957137,
        1.876982528210996,
        1.8723994637918826,
        1.8744255693699978,
        1.8735453868990954,
        1.865681313608913,
        1.8755786174672249,
        1.865942226383668,
        1.8697746735088479,
        1.8617998022896218,
        1.869183145277938,
        1.868587013818019,
        1.8717660469203266,
        1.8727064557614648,
        1.8778886569002418,
        1.8762357489233041,
        1.878243974608056,
        1.866469676593356,
        1.8655366495503276,
        1.8580821256445232,
        1.8394135874748008,
        1.8464465880778538,
        1.8387326727816775,
        1.8469617912595648
    ]
}