{
    "video_name": "class2_flick_3",
    "class": 2,
    "num_frames": 28,
    "magnitude_per_frame": [
        0.0,
        0.5665280222892761,
        0.5980139970779419,
        0.6223536133766174,
        0.652766227722168,
        0.5617998242378235,
        0.529074490070343,
        0.5254217386245728,
        0.47926065325737,
        0.44845542311668396,
        0.49534663558006287,
        0.5884261727333069,
        0.8832072019577026,
        0.9593737721443176,
        0.813083827495575,
        0.782863199710846,
        0.6708451509475708,
        0.7107444405555725,
        0.6909050345420837,
        0.6248893141746521,
        0.5646786093711853,
        0.5501000285148621,
        0.6096659302711487,
        0.6165878772735596,
        0.5510891675949097,
        0.6009536385536194,
        0.6103131175041199,
        0.7223188281059265
    ],
    "color_contrast": [
        2.3994042078327644,
        2.411652748171071,
        2.4034994607282423,
        2.4101348311611552,
        2.3953826141592525,
        2.410623949496136,
        2.392046782193394,
        2.3956598378151135,
        2.390149616886723,
        2.403056345546421,
        2.396414622526322,
        2.403120738081985,
        2.4050654342456514,
        2.418810462270972,
        2.4129045049120124,
        2.416839401286067,
        2.40761095004218,
        2.41041604768907,
        2.3946150400906516,
        2.4031210617875502,
        2.387048240369573,
        2.3985437183279203,
        2.386252763346597,
        2.399411777403745,
        2.389147062319021,
        2.3943238675042218,
        2.3860677002270014,
        2.39447750387061
    ]
}