{
    "video_name": "class2_shove_1",
    "class": 2,
    "num_frames": 63,
    "magnitude_per_frame": [
        0.0,
        1.2188305854797363,
        1.3211605548858643,
        1.387267827987671,
        1.4797731637954712,
        1.5471112728118896,
        1.7167705297470093,
        1.944520115852356,
        2.0186774730682373,
        2.084022283554077,
        1.998301386833191,
        2.0287981033325195,
        1.91085946559906,
        1.8677431344985962,
        1.8412429094314575,
        1.861700177192688,
        1.687084436416626,
        1.6616101264953613,
        1.648178219795227,
        1.6788421869277954,
        1.6320213079452515,
        1.702532172203064,
        1.682959794998169,
        1.6679154634475708,
        1.728971004486084,
        1.7549957036972046,
        1.789602518081665,
        1.7735618352890015,
        1.762446403503418,
        1.7762389183044434,
        1.742383360862732,
        1.8681703805923462,
        1.9646974802017212,
        1.9543505907058716,
        1.9209442138671875,
        1.876463532447815,
        1.8180984258651733,
        1.8550982475280762,
        1.8680709600448608,
        1.741750955581665,
        1.6964713335037231,
        1.6662846803665161,
        1.6432019472122192,
        1.636709451675415,
        1.6304529905319214,
        1.6412211656570435,
        1.6100633144378662,
        1.5487905740737915,
        1.5397568941116333,
        1.4595767259597778,
        1.480282187461853,
        1.480486273765564,
        1.4935693740844727,
        1.4636591672897339,
        1.4633009433746338,
        1.4672175645828247,
        1.4516947269439697,
        1.4284459352493286,
        1.448717474937439,
        1.3848048448562622,
        1.3638087511062622,
        1.3913267850875854,
        1.3559178113937378
    ],
    "color_contrast": [
        3.149073539370901,
        3.136214541833715,
        3.137347453714216,
        3.1377067580984366,
        3.1368371711623046,
        3.1379717777077873,
        3.133872469135483,
        3.1295942834324952,
        3.124742465076629,
        3.1046145721008678,
        3.1075153548126297,
        3.093224472925309,
        3.090594239500733,
        3.0850841463932355,
        3.0821529504218494,
        3.0795259529768084,
        3.072865339031471,
        3.075955487634219,
        3.06928910995757,
        3.066726533959178,
        3.0653849470926806,
        3.059637349274184,
        3.056960671785532,
        3.053816162975053,
        3.052493776130599,
        3.05290566942101,
        3.0534573089975696,
        3.053963800115018,
        3.055344335053362,
        3.069458044464908,
        3.0613575008463423,
        3.063657351251099,
        3.0597405248223386,
        3.0607183138745127,
        3.055921939825149,
        3.0557236354859523,
        3.0483507274378185,
        3.05898069676702,
        3.0660801383497387,
        3.062973331841267,
        3.067860228463867,
        3.063189133245269,
        3.0673211006702488,
        3.0736713370670037,
        3.0722668710397634,
        3.069655998471724,
        3.0721365019319564,
        3.071970806268177,
        3.0749927435797475,
        3.0729404856875933,
        3.0702414539675975,
        3.0590293750177495,
        3.056282901071813,
        3.051967855957088,
        3.05371259228017,
        3.047479644082475,
        3.049094494071432,
        3.0407918700739214,
        3.041082787457024,
        3.0365731126357978,
        3.0336812751206237,
        3.0233098369621674,
        3.02376634734496
    ]
}