{
    "video_name": "class3_fasten_4",
    "class": 3,
    "num_frames": 59,
    "magnitude_per_frame": [
        0.0,
        0.31360670924186707,
        0.31546249985694885,
        0.30561748147010803,
        0.30007413029670715,
        0.3206103444099426,
        0.3146420419216156,
        0.279325008392334,
        0.2876048982143402,
        0.29195308685302734,
        0.28845250606536865,
        0.27927181124687195,
        0.28007426857948303,
        0.30180618166923523,
        0.30708974599838257,
        0.2873040735721588,
        0.2856326997280121,
        0.3184705674648285,
        0.3605368435382843,
        0.3457871079444885,
        0.35016125440597534,
        0.3805943727493286,
        0.4884653687477112,
        0.46448996663093567,
        0.4222196936607361,
        0.43410536646842957,
        0.4184006452560425,
        0.39738014340400696,
        0.3780643045902252,
        0.37325000762939453,
        0.3823210895061493,
        0.4066058099269867,
        0.3973383605480194,
        0.40920159220695496,
        0.4098377823829651,
        0.41726741194725037,
        0.40421730279922485,
        0.3915480971336365,
        0.35049936175346375,
        0.321248322725296,
        0.3503422439098358,
        0.3896605968475342,
        0.3830507695674896,
        0.37112507224082947,
        0.4212559163570404,
        0.4832686185836792,
        0.5018695592880249,
        0.502378523349762,
        0.5494142770767212,
        0.5389566421508789,
        0.4834911525249481,
        0.49861621856689453,
        0.5228551626205444,
        0.517083466053009,
        0.5118136405944824,
        0.49173206090927124,
        0.4642852246761322,
        0.4432002604007721,
        0.4266831874847412
    ],
    "color_contrast": [
        1.3763257552723664,
        1.3722009238839314,
        1.3752999805982151,
        1.3732670181229292,
        1.3750415896180954,
        1.3691267942408314,
        1.376633797247683,
        1.3751525011783465,
        1.3760935649620896,
        1.3768809354695581,
        1.376173167841518,
        1.3754991271559671,
        1.3757899308402128,
        1.3738740752640848,
        1.3769062603120261,
        1.3744163948767076,
        1.3777756694681897,
        1.374058771832232,
        1.3750518828503144,
        1.3750251427062974,
        1.3803564695954142,
        1.3775051006005745,
        1.3827431574012834,
        1.3809938744493624,
        1.3795749036533105,
        1.375194753658281,
        1.3783639886735919,
        1.3794240874183896,
        1.3800319967986903,
        1.375502531582445,
        1.3838128275205162,
        1.3837034067984693,
        1.3846605629193451,
        1.382003115633468,
        1.3889101713384417,
        1.3896974572416325,
        1.3932592915372513,
        1.389419327589217,
        1.397386413553516,
        1.3986814841531974,
        1.403055786416447,
        1.4047819426498958,
        1.4051285837576857,
        1.403409926914959,
        1.4044700711080933,
        1.4039164935089552,
        1.408246817230266,
        1.4093101121437086,
        1.4105234270760212,
        1.4008998551572374,
        1.4089887799888745,
        1.4013252118481399,
        1.3981639631152505,
        1.3850583582829228,
        1.3946923398142477,
        1.4038931280898446,
        1.4104839838124053,
        1.4073676703400044,
        1.4170131921963263
    ]
}