{
    "video_name": "class2_shove_3",
    "class": 2,
    "num_frames": 34,
    "magnitude_per_frame": [
        0.0,
        0.11551898717880249,
        0.11192982643842697,
        0.22661030292510986,
        0.14720332622528076,
        0.15846900641918182,
        0.1919105499982834,
        0.2268272191286087,
        0.27185341715812683,
        0.19954107701778412,
        0.16547103226184845,
        0.19210775196552277,
        0.10954652726650238,
        0.10368510335683823,
        0.14970257878303528,
        0.13288253545761108,
        0.17689110338687897,
        0.3884110748767853,
        0.6400396227836609,
        0.706562340259552,
        0.6517251133918762,
        0.6795641779899597,
        0.7874587774276733,
        0.7627182602882385,
        0.7858201861381531,
        0.9646862745285034,
        0.9089362025260925,
        0.8598998785018921,
        0.7880861163139343,
        0.8391069173812866,
        0.782767117023468,
        0.6675522327423096,
        0.5356372594833374,
        0.3592257499694824
    ],
    "color_contrast": [
        1.6833138615119945,
        1.680530979586844,
        1.6892088214836343,
        1.6760637233007283,
        1.6865644594489635,
        1.6869020584080594,
        1.687735520762921,
        1.6687506307523585,
        1.691617049514385,
        1.6943558165271118,
        1.7006277891198676,
        1.6852814702965766,
        1.7002310275615347,
        1.6920102664272507,
        1.6911894911717889,
        1.6797063276625817,
        1.6970911606687158,
        1.69762382937769,
        1.7077167599159973,
        1.6951933942565758,
        1.702901429278697,
        1.6870350286411928,
        1.68610264327945,
        1.667910867722202,
        1.6661915115498307,
        1.647181815962179,
        1.637816675925787,
        1.6143926732053526,
        1.608327415367293,
        1.6050295263746983,
        1.606358882880759,
        1.5992961826598235,
        1.6225496470122167,
        1.621745455446446
    ]
}