{
    "video_name": "class2_flick_1",
    "class": 2,
    "num_frames": 38,
    "magnitude_per_frame": [
        0.0,
        0.13466598093509674,
        0.1585918813943863,
        0.10767782479524612,
        0.14437679946422577,
        0.115756556391716,
        0.11308179795742035,
        0.10349868983030319,
        0.08062051236629486,
        0.07486753165721893,
        0.0799298956990242,
        0.07373547554016113,
        0.0759977325797081,
        0.0897904559969902,
        0.08069996535778046,
        0.05710490792989731,
        0.05890097841620445,
        0.0651874989271164,
        0.05879445746541023,
        0.06954807788133621,
        0.07565917819738388,
        0.08808057010173798,
        0.07672819495201111,
        0.08750414103269577,
        0.09541040658950806,
        0.14457806944847107,
        0.09256061166524887,
        0.12493901699781418,
        0.09831000119447708,
        0.08195096999406815,
        0.0740521252155304,
        0.07786097377538681,
        0.07381051778793335,
        0.0715315043926239,
        0.07450645416975021,
        0.08204447478055954,
        0.1270047277212143,
        0.09145627170801163
    ],
    "color_contrast": [
        1.7086126052038855,
        1.7108896426052036,
        1.7134153948905735,
        1.7099542922347306,
        1.7120161778637273,
        1.7048564640874493,
        1.7113412852126475,
        1.708958585879303,
        1.7095374342122511,
        1.7086990472534318,
        1.7013687420261854,
        1.7040239136186461,
        1.7031160269075067,
        1.7017023408191418,
        1.7008262966759196,
        1.7033616853127782,
        1.7028246661030721,
        1.702246875246484,
        1.7011599560883495,
        1.7006532401354248,
        1.7000434434256548,
        1.705638695770344,
        1.704754972091051,
        1.7098602878753708,
        1.7040769852842585,
        1.7099474746552161,
        1.711760114135875,
        1.7040595204199283,
        1.6997994574894706,
        1.7057905878192319,
        1.7076405645413026,
        1.7067376441471023,
        1.6975636755148842,
        1.7058288386617302,
        1.707687969899425,
        1.7085532589885692,
        1.6994570592903693,
        1.7060439130688272
    ]
}