{
    "video_name": "class2_flick_4",
    "class": 2,
    "num_frames": 25,
    "magnitude_per_frame": [
        0.0,
        0.1407959908246994,
        0.145939901471138,
        0.1657675802707672,
        0.1708955317735672,
        0.16035667061805725,
        0.19522209465503693,
        0.19775432348251343,
        0.21159140765666962,
        0.20982573926448822,
        0.18015067279338837,
        0.15743854641914368,
        0.14669163525104523,
        0.14385361969470978,
        0.15358488261699677,
        0.1747366189956665,
        0.18744626641273499,
        0.17965713143348694,
        0.168742373585701,
        0.1730986088514328,
        0.15220732986927032,
        0.19872210919857025,
        0.1934007704257965,
        0.171181321144104,
        0.15569712221622467
    ],
    "color_contrast": [
        1.5848906025591554,
        1.5857998060817144,
        1.5862253683252645,
        1.5831484165606204,
        1.5849788997935692,
        1.5862521395701303,
        1.5894998308160058,
        1.5893470884088494,
        1.5938731142682177,
        1.5833432064548296,
        1.5899385764713438,
        1.5828261079789414,
        1.587919890054403,
        1.5905683950096565,
        1.5946263880826104,
        1.5878527030168907,
        1.593811215328142,
        1.593476340716499,
        1.6013111920525502,
        1.5980111227020506,
        1.6061585846350859,
        1.6081734456177479,
        1.6092924475054629,
        1.6035975709719519,
        1.6109702376948405
    ]
}