{
    "video_name": "class3_stick_4",
    "class": 3,
    "num_frames": 52,
    "magnitude_per_frame": [
        0.0,
        0.07049831748008728,
        0.09173188358545303,
        0.15676341950893402,
        0.0858331248164177,
        0.09301182627677917,
        0.09104862809181213,
        0.09847971796989441,
        0.11870680749416351,
        0.07785011827945709,
        0.08970540016889572,
        0.13446158170700073,
        0.16072659194469452,
        0.21779035031795502,
        0.23225770890712738,
        0.2962091565132141,
        0.32198241353034973,
        0.31374654173851013,
        0.3005963861942291,
        0.2801702916622162,
        0.2631991505622864,
        0.27534523606300354,
        0.2512533664703369,
        0.2921432554721832,
        0.2552390396595001,
        0.22740833461284637,
        0.22034350037574768,
        0.2556969225406647,
        0.17641900479793549,
        0.15834389626979828,
        0.13328203558921814,
        0.13119229674339294,
        0.0923156812787056,
        0.09618817269802094,
        0.1259351372718811,
        0.12168418616056442,
        0.19329741597175598,
        0.247547909617424,
        0.2773817181587219,
        0.24838286638259888,
        0.22391554713249207,
        0.2653767168521881,
        0.22432571649551392,
        0.26892590522766113,
        0.29214051365852356,
        0.23173174262046814,
        0.21847602725028992,
        0.2401420921087265,
        0.24953924119472504,
        0.24314172565937042,
        0.22999872267246246,
        0.22521580755710602
    ],
    "color_contrast": [
        2.4558331774072966,
        2.45558797470773,
        2.4548699859066483,
        2.4528423732085067,
        2.4516231386612923,
        2.4551684096006157,
        2.4522783527647642,
        2.4510541061279185,
        2.4532333178578822,
        2.454955176224547,
        2.4535915344089205,
        2.458495451119164,
        2.460746476020774,
        2.4598803108385883,
        2.458888682411729,
        2.4594317467649556,
        2.4601680950675084,
        2.464314019277798,
        2.4615593468437242,
        2.460659399265586,
        2.461629448933534,
        2.4638903434401795,
        2.4592642757740375,
        2.460796061016221,
        2.4611758653478413,
        2.465053823974052,
        2.4639590626992858,
        2.4661283302123,
        2.4654591478691863,
        2.467272428329422,
        2.468976045266182,
        2.469335899749319,
        2.4684435733903833,
        2.469038929257253,
        2.4700797954725022,
        2.473361783477313,
        2.4746326356084087,
        2.475774310239701,
        2.47038080539794,
        2.473602724206171,
        2.475290947513296,
        2.473267770554512,
        2.4750084705810584,
        2.473971504616964,
        2.47217136017219,
        2.4682700355999163,
        2.463391252156954,
        2.4585878476019682,
        2.4533460889608993,
        2.4524885769297167,
        2.448735942276134,
        2.4466898181259222
    ]
}