{
    "video_name": "class2_kick_1",
    "class": 2,
    "num_frames": 39,
    "magnitude_per_frame": [
        0.0,
        1.4947149753570557,
        1.1912015676498413,
        1.0682761669158936,
        1.0903089046478271,
        1.1681640148162842,
        0.7459812760353088,
        0.9250990748405457,
        0.9836543798446655,
        0.7077738642692566,
        0.6450315117835999,
        0.6285435557365417,
        1.0845861434936523,
        1.3726428747177124,
        0.6750943660736084,
        0.5616389513015747,
        0.7124477624893188,
        1.1332424879074097,
        1.8027044534683228,
        1.9964497089385986,
        1.710510492324829,
        1.4891557693481445,
        1.6129124164581299,
        1.4664274454116821,
        1.3257524967193604,
        1.3317437171936035,
        1.2356663942337036,
        1.0238827466964722,
        0.7587797045707703,
        0.47583991289138794,
        0.2483050376176834,
        0.23368552327156067,
        0.27883315086364746,
        0.24856534600257874,
        0.234575092792511,
        0.2610445022583008,
        0.26752421259880066,
        0.2874414622783661,
        0.20536580681800842
    ],
    "color_contrast": [
        2.2316119920537254,
        2.2362153058524292,
        2.2226475221841864,
        2.2056425201015966,
        2.1951119094593596,
        2.201166994380901,
        2.2110285937256076,
        2.2039608091229965,
        2.1898740859646977,
        2.1942112733055965,
        2.219276483640911,
        2.2351630553054416,
        2.245394720145101,
        2.2571285641465786,
        2.260776865168152,
        2.2523408265250286,
        2.2435821306946164,
        2.249470137704544,
        2.2435787138503804,
        2.2379871709279464,
        2.229490520172617,
        2.223746535707977,
        2.210645952828079,
        2.1936026443652805,
        2.1806619165008727,
        2.1711191289192224,
        2.167336634124905,
        2.1558315984840375,
        2.1407766874588865,
        2.1236752750531784,
        2.1205010736412637,
        2.1252899006353076,
        2.121507824142132,
        2.1229324091752595,
        2.1242949188756577,
        2.1184491711137166,
        2.1149987692870016,
        2.115144143558549,
        2.1162456732149617
    ]
}