{
    "video_name": "class1_pull_4",
    "class": 1,
    "num_frames": 92,
    "magnitude_per_frame": [
        0.0,
        0.6782184839248657,
        0.6006978750228882,
        0.5801368951797485,
        0.5568221211433411,
        0.5772466659545898,
        0.5770217180252075,
        0.6141670346260071,
        0.6318239569664001,
        0.6993798017501831,
        0.6566160917282104,
        0.7015184164047241,
        0.7616256475448608,
        0.7776321172714233,
        0.8224115371704102,
        0.793676495552063,
        0.8309348225593567,
        0.9286206364631653,
        0.9626597166061401,
        0.9603499174118042,
        0.9700489044189453,
        0.9584170579910278,
        1.0326974391937256,
        0.9345554113388062,
        0.945787250995636,
        0.920924723148346,
        0.9279992580413818,
        1.0232146978378296,
        1.022258996963501,
        1.0199816226959229,
        0.9197812676429749,
        0.9711397290229797,
        0.8978423476219177,
        0.9320297241210938,
        0.9333882927894592,
        0.9495114684104919,
        0.9032936692237854,
        0.9473105072975159,
        0.9376358985900879,
        0.9155961275100708,
        0.8900982737541199,
        0.9587219953536987,
        0.9245153069496155,
        0.9520679116249084,
        0.9739447832107544,
        0.9896979928016663,
        0.9747691750526428,
        1.068558931350708,
        1.1108160018920898,
        1.1719481945037842,
        1.2351150512695312,
        1.3008586168289185,
        1.4101741313934326,
        1.4670817852020264,
        1.4146877527236938,
        1.3061798810958862,
        1.2004519701004028,
        1.1337764263153076,
        1.0695147514343262,
        1.0421826839447021,
        1.0705440044403076,
        1.0338810682296753,
        1.0078853368759155,
        1.021023154258728,
        1.0740747451782227,
        1.1274133920669556,
        1.0991840362548828,
        1.198509931564331,
        1.2881251573562622,
        1.3189470767974854,
        1.2843953371047974,
        1.255196213722229,
        1.2207536697387695,
        1.1991571187973022,
        1.1654576063156128,
        1.1474542617797852,
        1.2459677457809448,
        1.2206048965454102,
        1.2105355262756348,
        1.2476834058761597,
        1.3059651851654053,
        1.3668606281280518,
        1.3714838027954102,
        1.424529790878296,
        1.437737226486206,
        1.4614344835281372,
        1.4886326789855957,
        1.5588655471801758,
        1.5481928586959839,
        1.674047827720642,
        1.5211318731307983,
        1.639821171760559
    ],
    "color_contrast": [
        2.0353682542461833,
        2.03423207641159,
        2.0287640408347225,
        2.0208563542224316,
        2.0163837883137368,
        2.013271039384214,
        2.009042644076064,
        2.0077131809001827,
        2.0024789465991786,
        1.997387362766611,
        1.9955226762241256,
        1.9966644916920007,
        2.0040614199410913,
        2.0115571791937144,
        2.0147225670409146,
        2.0326717538748493,
        2.042030142105539,
        2.0583320750816885,
        2.0730816641451035,
        2.081788094347202,
        2.091023464623084,
        2.0911201126366668,
        2.1021885440820225,
        2.1067710640989143,
        2.108686484930869,
        2.116077390721412,
        2.117156248591005,
        2.1237085897447114,
        2.1157167180505643,
        2.1101442630875016,
        2.115327626312689,
        2.1205449819355704,
        2.129707799101899,
        2.126848554566193,
        2.1384304433206163,
        2.153056626407925,
        2.1518120422793157,
        2.1783258216021175,
        2.185453280655447,
        2.196603025367961,
        2.2131328513683792,
        2.2298984371880253,
        2.2418107703699754,
        2.259971101430692,
        2.267224230757317,
        2.2949303846565217,
        2.300489251398291,
        2.3148652535864227,
        2.3156837210777668,
        2.3097258882402794,
        2.3108359804332497,
        2.2916811597334665,
        2.2887206325259304,
        2.2902790131442874,
        2.282953857075703,
        2.2775434836252084,
        2.286427554725067,
        2.2930292754667723,
        2.2991033141445016,
        2.310219180267355,
        2.3180138292628363,
        2.326147579553399,
        2.333679442783145,
        2.341350076869926,
        2.3461060607238866,
        2.3422418479419744,
        2.349747501822332,
        2.3777996093776075,
        2.3941220127846043,
        2.394755894093827,
        2.4000690688136537,
        2.396784439813875,
        2.394551189595366,
        2.386839150322181,
        2.3743955921488937,
        2.3718301613828086,
        2.367156810241744,
        2.3629568733584527,
        2.360086545210056,
        2.3601496014104995,
        2.357265894107375,
        2.3650092841207675,
        2.364072398911062,
        2.3860087555437226,
        2.3984843328738163,
        2.419157400807809,
        2.4364969521540676,
        2.4563511794769326,
        2.4495676007394676,
        2.4574327041098734,
        2.4574759516541973,
        2.450502327667529
    ]
}