{
    "video_name": "class1_lift_3",
    "class": 1,
    "num_frames": 60,
    "magnitude_per_frame": [
        0.0,
        0.05452301725745201,
        0.06952882558107376,
        0.05894358083605766,
        0.08052747696638107,
        0.09025055915117264,
        0.10323431342840195,
        0.10288099199533463,
        0.10806897282600403,
        0.10801815986633301,
        0.10513884574174881,
        0.09842295944690704,
        0.112254798412323,
        0.12635068595409393,
        0.1564662605524063,
        0.16322726011276245,
        0.17249231040477753,
        0.18535836040973663,
        0.20091407001018524,
        0.20412687957286835,
        0.21173344552516937,
        0.2073141634464264,
        0.20863208174705505,
        0.20381835103034973,
        0.21184395253658295,
        0.23137857019901276,
        0.24917712807655334,
        0.2271902859210968,
        0.2310030311346054,
        0.2326204478740692,
        0.24153931438922882,
        0.22438770532608032,
        0.24641001224517822,
        0.2592347264289856,
        0.27682164311408997,
        0.2875799536705017,
        0.29243946075439453,
        0.28768667578697205,
        0.2975696325302124,
        0.29689934849739075,
        0.3067593276500702,
        0.3123014569282532,
        0.3076094388961792,
        0.2698158621788025,
        0.26025187969207764,
        0.259004145860672,
        0.26540493965148926,
        0.24448391795158386,
        0.24110756814479828,
        0.2207792103290558,
        0.21016249060630798,
        0.1787623167037964,
        0.13817563652992249,
        0.10318906605243683,
        0.09488782286643982,
        0.07024853676557541,
        0.09130492806434631,
        0.0576762780547142,
        0.06507940590381622,
        0.04825079068541527
    ],
    "color_contrast": [
        1.7032769577267421,
        1.702311070026144,
        1.7000625591645058,
        1.7010202177828262,
        1.7029559877684486,
        1.7044077543075682,
        1.7077681340664332,
        1.71285970022735,
        1.7113720413579403,
        1.7092764370699336,
        1.709824009135484,
        1.7092639605581739,
        1.7108616128305116,
        1.7078466518908906,
        1.7127318543307843,
        1.710093728822316,
        1.7112722559553732,
        1.714631384764203,
        1.715799177676047,
        1.7070990180561205,
        1.6997968174483522,
        1.7025451384954449,
        1.7014849331606465,
        1.702978167882041,
        1.712304869454286,
        1.7058472208288953,
        1.6988101314936888,
        1.6948266150059235,
        1.686278508083825,
        1.68448707615472,
        1.686299598918929,
        1.6818143422232794,
        1.6865613166153457,
        1.6891339738440334,
        1.6809166133794704,
        1.6837936497911985,
        1.6828930433773677,
        1.6916938766222356,
        1.6859594754689096,
        1.686674707059052,
        1.6843243036551214,
        1.6816711039625698,
        1.6815741854562867,
        1.677059260160941,
        1.6785122682583922,
        1.6772535937181277,
        1.6767988528594118,
        1.6743114276064783,
        1.6810693058240638,
        1.6854272769353391,
        1.6825905787029285,
        1.6837635388621148,
        1.6866574552428715,
        1.6875591066337554,
        1.6933930192654667,
        1.6963038931104524,
        1.6967906069312853,
        1.6960308869345222,
        1.6951737935561453,
        1.6957502657246206
    ]
}