{
    "video_name": "class1_tote_1",
    "class": 1,
    "num_frames": 81,
    "magnitude_per_frame": [
        0.0,
        0.8232976794242859,
        0.8175406455993652,
        0.803088903427124,
        0.7704657316207886,
        0.7547669410705566,
        0.8517061471939087,
        0.8548976182937622,
        0.9407597780227661,
        0.9612026214599609,
        0.9310100674629211,
        0.8994841575622559,
        1.026886224746704,
        0.9310491681098938,
        1.0207579135894775,
        1.2774834632873535,
        1.4977550506591797,
        1.381429672241211,
        1.3671029806137085,
        1.2669481039047241,
        1.2721055746078491,
        1.1860123872756958,
        1.122319221496582,
        1.159335732460022,
        1.3053007125854492,
        1.0128153562545776,
        1.8453633785247803,
        1.8978350162506104,
        2.265994071960449,
        1.4882384538650513,
        0.96804279088974,
        1.0324137210845947,
        0.9624585509300232,
        0.8921949863433838,
        0.8775577545166016,
        0.8838706612586975,
        0.918195366859436,
        0.9491522312164307,
        0.9899851083755493,
        0.9486700892448425,
        1.4066534042358398,
        1.5097001791000366,
        1.7408117055892944,
        1.3267462253570557,
        1.3211458921432495,
        1.7801240682601929,
        1.125257968902588,
        1.164074420928955,
        1.1451153755187988,
        1.162287950515747,
        1.1480226516723633,
        1.2040220499038696,
        1.1562267541885376,
        1.1653295755386353,
        1.1639460325241089,
        1.1494450569152832,
        1.090822458267212,
        1.0890575647354126,
        1.0631299018859863,
        1.041948914527893,
        1.0092322826385498,
        0.9525018334388733,
        1.010496973991394,
        0.8554552793502808,
        0.841087818145752,
        0.8552000522613525,
        0.8291596174240112,
        0.8576014637947083,
        0.8315452337265015,
        0.8283131122589111,
        0.7634371519088745,
        0.758784830570221,
        0.6753897070884705,
        0.6754419207572937,
        0.6472485065460205,
        0.6644601225852966,
        0.6455188989639282,
        0.645092248916626,
        0.5300911068916321,
        0.5148897767066956,
        0.4729068875312805
    ],
    "color_contrast": [
        1.7629155411421127,
        1.7643147944874837,
        1.752118696687398,
        1.7447731681434673,
        1.7402727273244512,
        1.745751292749818,
        1.7284506025378341,
        1.7335615416467927,
        1.7409079503062832,
        1.7650188345663902,
        1.7714811331335338,
        1.798648255050615,
        1.8193741679155306,
        1.8365683962495882,
        1.8510823142663675,
        1.8664675694728157,
        1.8813331377045637,
        1.90042892958043,
        1.9145931537807646,
        1.9226240579278628,
        1.9332037376214437,
        1.943956032049711,
        1.9556495884023417,
        1.9623508416859126,
        1.9632745993140401,
        1.9627921580175771,
        1.9687336268369886,
        1.9701053761093685,
        1.9639800324008747,
        1.9635963644689132,
        1.9531868361548617,
        1.9615174427196609,
        1.9578883773344558,
        1.9608551468189546,
        1.9628732618536875,
        1.9670470679825685,
        1.969476291802629,
        1.9788889891969008,
        1.9777236406554517,
        1.9856611778418567,
        1.9868081747138668,
        1.9851557751287814,
        1.9862687040868583,
        1.9933619755156065,
        1.9909663934353432,
        1.9991783669333327,
        1.9996127494569695,
        2.002369684561861,
        2.0135945703638054,
        2.019739163034442,
        2.0263014529797014,
        2.041556380956018,
        2.0318595972227067,
        2.042742065358406,
        2.04188474802871,
        2.0541165278881843,
        2.065541518621294,
        2.0751772750037634,
        2.067373905886796,
        2.0605401495972724,
        2.050565064972937,
        2.0499885705727774,
        2.044739590108391,
        2.0491820262961093,
        2.047564605345657,
        2.051867977388795,
        2.0453635563133474,
        2.0425419701098173,
        2.038456380306991,
        2.03098255997447,
        2.0240068845057912,
        2.0239688185330085,
        2.028964058037771,
        2.0335265729699468,
        2.029817830061842,
        2.015299569514638,
        2.0053810291481793,
        1.9945582190771156,
        1.9719903705913786,
        1.9699519099452982,
        1.9657104682301458
    ]
}