{
    "video_name": "class2_slide_1",
    "class": 2,
    "num_frames": 22,
    "magnitude_per_frame": [
        0.0,
        0.19115638732910156,
        0.23538219928741455,
        0.3277883231639862,
        0.3144911825656891,
        0.3295228183269501,
        0.3252098560333252,
        0.34327247738838196,
        0.38517406582832336,
        0.34929510951042175,
        0.25109705328941345,
        0.19456543028354645,
        0.20550495386123657,
        0.21362601220607758,
        0.22590988874435425,
        0.24326445162296295,
        0.25399649143218994,
        0.25433823466300964,
        0.25386109948158264,
        0.24361813068389893,
        0.2290956825017929,
        0.22394610941410065
    ],
    "color_contrast": [
        1.764041606902447,
        1.7505630893284532,
        1.7547968153230964,
        1.7502204544958997,
        1.753898602084237,
        1.7505588814274546,
        1.7568441675417243,
        1.7369805981231436,
        1.7521125571480365,
        1.7494461506171586,
        1.7523420486281114,
        1.7503966726108504,
        1.738318588253116,
        1.7380274321670452,
        1.7281738343730044,
        1.7220557899429312,
        1.7239349438827776,
        1.7159241184399285,
        1.7205560659944727,
        1.719853367856922,
        1.7325275382625511,
        1.7230181461277405
    ]
}