{
    "video_name": "class1_push_4",
    "class": 1,
    "num_frames": 74,
    "magnitude_per_frame": [
        0.0,
        0.46325892210006714,
        0.4698377251625061,
        0.4894692003726959,
        0.5002674460411072,
        0.529610276222229,
        0.47095972299575806,
        0.5207360982894897,
        0.5127053260803223,
        0.4955326318740845,
        0.4862591326236725,
        0.5167587995529175,
        0.4929334819316864,
        0.49654605984687805,
        0.47103700041770935,
        0.4772181510925293,
        0.49132397770881653,
        0.497954785823822,
        0.5127834677696228,
        0.5398870706558228,
        0.5987966060638428,
        0.6309677958488464,
        0.6172791719436646,
        0.5956315398216248,
        0.6269180178642273,
        0.6399692296981812,
        0.6146906018257141,
        0.620415985584259,
        0.6204373240470886,
        0.6271608471870422,
        0.6586542725563049,
        0.6941482424736023,
        0.6885820627212524,
        0.6883317828178406,
        0.711222767829895,
        0.759807288646698,
        0.8132638931274414,
        0.8322153687477112,
        0.8949359059333801,
        0.8216395378112793,
        0.7837738394737244,
        0.7165030241012573,
        0.7403129935264587,
        0.6779223680496216,
        0.7027152180671692,
        0.6969131827354431,
        0.7029499411582947,
        0.6420305967330933,
        0.6455830335617065,
        0.6306601762771606,
        0.649042546749115,
        0.5948927402496338,
        0.5829167366027832,
        0.5841063857078552,
        0.5753734707832336,
        0.5620099902153015,
        0.6070336103439331,
        0.6039002537727356,
        0.5654674172401428,
        0.5285477042198181,
        0.5407190322875977,
        0.5315917730331421,
        0.5605726838111877,
        0.5695100426673889,
        0.6028639674186707,
        0.5721888542175293,
        0.5075068473815918,
        0.5623763799667358,
        0.7251594662666321,
        0.6163209080696106,
        0.646251916885376,
        0.5005718469619751,
        0.4385225772857666,
        0.41864168643951416
    ],
    "color_contrast": [
        2.8479077184967507,
        2.8299468960578102,
        2.8444517364661617,
        2.8268741037148564,
        2.8270461671013205,
        2.802017633158539,
        2.7987871525056183,
        2.800193271378901,
        2.806087779325359,
        2.8121785854966097,
        2.8221569868384258,
        2.8071747280955375,
        2.8031777863587415,
        2.801458746573638,
        2.8034966997167015,
        2.805931005422968,
        2.8087703970998787,
        2.7959386701871907,
        2.783428624205573,
        2.7773476802643913,
        2.769033199920244,
        2.771385864766033,
        2.773291805665531,
        2.760721077528444,
        2.748864852199686,
        2.723648914502971,
        2.7175583192444015,
        2.696742377328335,
        2.6967413153187922,
        2.681614799852163,
        2.663372832134905,
        2.644800223303662,
        2.639218509153502,
        2.6382553960531987,
        2.6523975506779194,
        2.658601861107692,
        2.653161072869403,
        2.6546271178628795,
        2.6614521144374725,
        2.658225114915517,
        2.663520141547412,
        2.6402443428978772,
        2.629226036568888,
        2.63875350987369,
        2.631361663858427,
        2.6371186559425897,
        2.6512223278960505,
        2.6380625101304442,
        2.641757188848563,
        2.6286687446927384,
        2.623521238151728,
        2.6309105818747254,
        2.6291345684710743,
        2.6116854875828346,
        2.6160918612845596,
        2.620752217966996,
        2.612607699891549,
        2.6085315329074743,
        2.6199702280984014,
        2.6077462267497804,
        2.595182515824839,
        2.5774162303098316,
        2.582354979880376,
        2.584529622361701,
        2.542811828939692,
        2.5433652430156544,
        2.5391841776145454,
        2.554421521650147,
        2.5417378391014056,
        2.5444128348711077,
        2.5229259057430817,
        2.5463417660268277,
        2.5548909327901637,
        2.5649387010089093
    ]
}