{
    "video_name": "class2_slide_4",
    "class": 2,
    "num_frames": 50,
    "magnitude_per_frame": [
        0.0,
        0.08727442473173141,
        0.08198010176420212,
        0.09372953325510025,
        0.1017325147986412,
        0.09935109317302704,
        0.09276074171066284,
        0.09251989424228668,
        0.0886353924870491,
        0.10666584223508835,
        0.09658404439687729,
        0.1086220070719719,
        0.12889829277992249,
        0.1493230015039444,
        0.1782669574022293,
        0.22620761394500732,
        0.3264140784740448,
        0.43197646737098694,
        0.5919333100318909,
        0.7576816082000732,
        0.7931509613990784,
        0.7345635890960693,
        0.6895506381988525,
        0.7385953068733215,
        0.8499303460121155,
        0.9810887575149536,
        0.6997569799423218,
        0.6646838784217834,
        0.6820215582847595,
        0.7439637780189514,
        0.8093048334121704,
        0.7537398934364319,
        0.7023996114730835,
        0.6374351382255554,
        0.5475016236305237,
        0.484324187040329,
        0.4123671054840088,
        0.34320884943008423,
        0.29349812865257263,
        0.25113770365715027,
        0.21951064467430115,
        0.20120860636234283,
        0.1633022576570511,
        0.1530793309211731,
        0.12645065784454346,
        0.11306408792734146,
        0.10831043124198914,
        0.07323327660560608,
        0.06573207676410675,
        0.06934090703725815
    ],
    "color_contrast": [
        1.480842823442795,
        1.4780304659727677,
        1.4773436978738108,
        1.474465401107155,
        1.474359908012667,
        1.4746420019701478,
        1.4714989897920123,
        1.473071937396313,
        1.4695603736004963,
        1.469653521642205,
        1.4676235023058086,
        1.4681643556530652,
        1.466492291606507,
        1.4641235952994933,
        1.4676242833114277,
        1.4684931602855755,
        1.4683969407857695,
        1.4697046355381438,
        1.4678787918905878,
        1.472585878078243,
        1.4684588517240085,
        1.4605483971667523,
        1.4464948503544606,
        1.4429561713038002,
        1.451624962403753,
        1.4556151124752017,
        1.4534935592964537,
        1.4518535758718771,
        1.4547939948032584,
        1.4634617380703903,
        1.4752732526578536,
        1.4856533016877347,
        1.4913913137200632,
        1.4985147740775877,
        1.5089760549947298,
        1.5101211305512923,
        1.51199464814734,
        1.514416004135198,
        1.5151399448213818,
        1.5127385553386004,
        1.5117034960993885,
        1.5116902157907055,
        1.5099963331422197,
        1.5107533565864988,
        1.5085561490405561,
        1.5086409218008847,
        1.5079568886691719,
        1.508382613571421,
        1.5079319285444774,
        1.5087370534727056
    ]
}