{
    "video_name": "class3_fasten_2",
    "class": 3,
    "num_frames": 103,
    "magnitude_per_frame": [
        0.0,
        0.5932691693305969,
        0.5850136280059814,
        0.49156394600868225,
        0.33799880743026733,
        0.44851818680763245,
        0.567085862159729,
        0.5369425415992737,
        0.6299258470535278,
        0.9193501472473145,
        0.9348901510238647,
        0.9342918395996094,
        0.8021241426467896,
        0.9020447134971619,
        1.328407645225525,
        1.6144977807998657,
        1.6009608507156372,
        1.4408645629882812,
        1.4783403873443604,
        1.1704407930374146,
        1.1619850397109985,
        0.9723408818244934,
        1.0779423713684082,
        0.9605410099029541,
        0.9192466735839844,
        0.8761801719665527,
        0.9694623351097107,
        1.0461416244506836,
        1.0258560180664062,
        0.7745842337608337,
        0.7879190444946289,
        0.7908925414085388,
        0.930247962474823,
        1.0104271173477173,
        0.906902551651001,
        0.8619993925094604,
        0.7062273621559143,
        0.7661308646202087,
        0.8046566843986511,
        0.9102486371994019,
        0.9403616189956665,
        1.031785488128662,
        1.1209216117858887,
        1.0409516096115112,
        0.9286089539527893,
        0.9559233784675598,
        0.9717655777931213,
        0.784868061542511,
        0.6756002306938171,
        0.8202755451202393,
        0.8063778281211853,
        0.7911962866783142,
        0.7597598433494568,
        0.7367519736289978,
        0.7366631031036377,
        0.6543928980827332,
        0.602351725101471,
        0.5655179023742676,
        0.46614477038383484,
        0.3597272038459778,
        0.34191280603408813,
        0.41850733757019043,
        0.5945283770561218,
        0.5435739755630493,
        0.5036749839782715,
        0.6447751522064209,
        0.6781730651855469,
        0.6097069978713989,
        0.5424851179122925,
        0.4464099407196045,
        0.4714730381965637,
        0.4860237240791321,
        0.5139378309249878,
        0.48758867383003235,
        0.47727224230766296,
        0.4647516906261444,
        0.4811207056045532,
        0.5557742118835449,
        0.5366270542144775,
        0.4746423363685608,
        0.41101688146591187,
        0.4208293557167053,
        0.5755018591880798,
        0.4864632785320282,
        0.39458954334259033,
        0.3180336058139801,
        0.31715941429138184,
        0.33897531032562256,
        0.3368268311023712,
        0.36158403754234314,
        0.36737456917762756,
        0.4037550389766693,
        0.4314076900482178,
        0.41165584325790405,
        0.545518696308136,
        0.5292602777481079,
        0.6786090731620789,
        0.4557695984840393,
        0.49743300676345825,
        0.506850004196167,
        0.45234185457229614,
        0.44697675108909607,
        0.5680602788925171
    ],
    "color_contrast": [
        2.340754748349706,
        2.345860929944188,
        2.3332067613416276,
        2.347822869418516,
        2.336589644294306,
        2.3385709407035136,
        2.3353183566895965,
        2.332559342816931,
        2.3334698377510397,
        2.341271715910422,
        2.337133676272358,
        2.3523574616330043,
        2.346306545762311,
        2.3530763235511096,
        2.344535404411461,
        2.3573913735897634,
        2.355541877866995,
        2.3549854945014768,
        2.3428412102004965,
        2.3668216650935014,
        2.3719688748224566,
        2.376235127052411,
        2.3704178388922927,
        2.3889738047172706,
        2.389530885676988,
        2.395619686160424,
        2.3968519312693775,
        2.4068008340724907,
        2.403579870661071,
        2.4045139345748208,
        2.3930492434728996,
        2.3985509826004603,
        2.3966952002379256,
        2.4022515035831478,
        2.3878492757063703,
        2.39889496398526,
        2.4024163018742763,
        2.4071215565051807,
        2.399590598234423,
        2.425783599212824,
        2.4240728011098294,
        2.430007186743132,
        2.416996508974043,
        2.424766364318292,
        2.417711431668778,
        2.416382705186479,
        2.4023045941797485,
        2.410604624224494,
        2.398337776642772,
        2.400937720266271,
        2.3843114876333233,
        2.3933296439485527,
        2.3924969633336075,
        2.399258817450958,
        2.3802274741955003,
        2.3945744901839436,
        2.3940202653248916,
        2.395023908458771,
        2.378677525141211,
        2.389903147559295,
        2.3870955524924833,
        2.3936039943318024,
        2.3789301869283928,
        2.3927559087426795,
        2.387713004643908,
        2.399501939574888,
        2.383705437358154,
        2.4083990008513942,
        2.408720269104752,
        2.419001204176361,
        2.4105997288486893,
        2.427154504361556,
        2.4247047537273385,
        2.4283138461918643,
        2.4109254498360175,
        2.4332917379863312,
        2.4262273670717085,
        2.4271001191718287,
        2.4084902912284054,
        2.42941929664803,
        2.4302588428194887,
        2.4322130718681807,
        2.4108008381481025,
        2.4319469693026106,
        2.416824959567333,
        2.4195766418130256,
        2.406502712456445,
        2.422367603057958,
        2.4184809522170942,
        2.424350941485403,
        2.407974824705676,
        2.4266424051907505,
        2.425352128575526,
        2.4288511518450018,
        2.411419491229553,
        2.4349846460742954,
        2.429872778134507,
        2.4433106572728915,
        2.440071673927276,
        2.464592298205303,
        2.461557858048536,
        2.4743461579616737,
        2.454633617612217
    ]
}