{
    "video_name": "class3_strap_4",
    "class": 3,
    "num_frames": 90,
    "magnitude_per_frame": [
        0.0,
        0.10738662630319595,
        0.1056697890162468,
        0.11124492436647415,
        0.10686329752206802,
        0.1280200332403183,
        0.1479114294052124,
        0.17399489879608154,
        0.206493079662323,
        0.21405231952667236,
        0.2105642408132553,
        0.23326317965984344,
        0.20777231454849243,
        0.20218226313591003,
        0.1762271374464035,
        0.1607922613620758,
        0.13316448032855988,
        0.15462349355220795,
        0.18631969392299652,
        0.1686585247516632,
        0.1916183978319168,
        0.20552800595760345,
        0.2353033572435379,
        0.21504564583301544,
        0.189833402633667,
        0.2147294133901596,
        0.23567184805870056,
        0.25636765360832214,
        0.24175415933132172,
        0.20377559959888458,
        0.16882671415805817,
        0.1687862128019333,
        0.1542140394449234,
        0.1483205407857895,
        0.1308784931898117,
        0.11580343544483185,
        0.10426150262355804,
        0.1504734605550766,
        0.156212717294693,
        0.15793173015117645,
        0.13543912768363953,
        0.11593548208475113,
        0.12151633203029633,
        0.12288129329681396,
        0.1326257437467575,
        0.12642446160316467,
        0.12129168957471848,
        0.12385329604148865,
        0.129605233669281,
        0.1489293873310089,
        0.13988253474235535,
        0.1601129025220871,
        0.16591092944145203,
        0.20418648421764374,
        0.2560376524925232,
        0.2484588772058487,
        0.2864207923412323,
        0.27851158380508423,
        0.24939203262329102,
        0.27357444167137146,
        0.27674999833106995,
        0.2640596032142639,
        0.24715925753116608,
        0.2378436028957367,
        0.22622615098953247,
        0.1919393539428711,
        0.17978142201900482,
        0.19906538724899292,
        0.212071031332016,
        0.20195329189300537,
        0.20570243895053864,
        0.21266382932662964,
        0.18212652206420898,
        0.15972892940044403,
        0.14817611873149872,
        0.16831018030643463,
        0.13951139152050018,
        0.13825571537017822,
        0.1412300169467926,
        0.16524124145507812,
        0.14964401721954346,
        0.17234446108341217,
        0.1795043796300888,
        0.1772693246603012,
        0.16298413276672363,
        0.16965749859809875,
        0.1747933030128479,
        0.18029333651065826,
        0.1908225566148758,
        0.20652887225151062
    ],
    "color_contrast": [
        1.9098136416015088,
        1.908689046827907,
        1.911741283952454,
        1.9110461391179245,
        1.9094491497227544,
        1.90830455270538,
        1.909755603437788,
        1.905237910405585,
        1.9065370577774865,
        1.905472646294714,
        1.9072196596540998,
        1.9101652134363274,
        1.9128250476906974,
        1.9123280894461647,
        1.9111580093360567,
        1.911022572305616,
        1.9114341254419986,
        1.9120757783286235,
        1.9113954078229596,
        1.9101092303557679,
        1.9106940208461813,
        1.9087664022727058,
        1.9093182253140297,
        1.9046503414805478,
        1.902076252213926,
        1.8991222376295853,
        1.9002892203154556,
        1.9032426503922704,
        1.9026121058111998,
        1.8955321678574433,
        1.897757275572085,
        1.896494717704808,
        1.8984781321298507,
        1.9011462819376084,
        1.8995971888121552,
        1.9006749791544628,
        1.8997277932238703,
        1.9027004622652317,
        1.9044459563500071,
        1.9056397194618928,
        1.906437752728543,
        1.9050055072131968,
        1.9061018610514844,
        1.9060358506961055,
        1.907336991325416,
        1.909276803003455,
        1.9078188179192619,
        1.9069889203547743,
        1.905281747292274,
        1.9049414802911475,
        1.9058322199820947,
        1.907832888993951,
        1.9080489258932352,
        1.9080662549548084,
        1.9069652140727757,
        1.905352303228015,
        1.9049496665446197,
        1.9054713500789249,
        1.9070937855867847,
        1.906995815830834,
        1.9039054919914429,
        1.9003549303646272,
        1.8977063971419939,
        1.8931621457016736,
        1.8908858650821945,
        1.8870576810313817,
        1.8837557463619625,
        1.8815178782961708,
        1.8808858945664175,
        1.8784286647466057,
        1.879805201573226,
        1.8819505346874619,
        1.8833088670694988,
        1.8821360104777032,
        1.8810688325982605,
        1.8783317661789565,
        1.879141172014645,
        1.8794270246753548,
        1.876938080499087,
        1.87599472697349,
        1.8742045782816055,
        1.8748250247460512,
        1.8729707530692896,
        1.8722454896356653,
        1.8704843578984245,
        1.8707762735838744,
        1.8682966712554612,
        1.8675405945091665,
        1.865407935155275,
        1.8630021615750816
    ]
}