{
    "video_name": "class3_pin_3",
    "class": 3,
    "num_frames": 232,
    "magnitude_per_frame": [
        0.0,
        0.7514398097991943,
        0.7661489248275757,
        0.6885000467300415,
        0.564478874206543,
        0.5354485511779785,
        0.48930713534355164,
        0.42905551195144653,
        0.355011522769928,
        0.36745885014533997,
        0.36312347650527954,
        0.39609023928642273,
        0.3720836639404297,
        0.37082818150520325,
        0.35443058609962463,
        0.3104243874549866,
        0.2518754005432129,
        0.21906431019306183,
        0.1869524121284485,
        0.17616267502307892,
        0.16265667974948883,
        0.17683374881744385,
        0.18149863183498383,
        0.19232457876205444,
        0.17946530878543854,
        0.16269001364707947,
        0.15506604313850403,
        0.16058100759983063,
        0.18042989075183868,
        0.20160844922065735,
        0.15156039595603943,
        0.13344267010688782,
        0.14596064388751984,
        0.1546233743429184,
        0.17616021633148193,
        0.2145090103149414,
        0.22211849689483643,
        0.19390791654586792,
        0.2066662460565567,
        0.20780818164348602,
        0.1989026963710785,
        0.23631414771080017,
        0.30468082427978516,
        0.27680113911628723,
        0.2709781527519226,
        0.2624559998512268,
        0.2635377049446106,
        0.2601907253265381,
        0.2761601507663727,
        0.2569093704223633,
        0.244121715426445,
        0.21795734763145447,
        0.23017925024032593,
        0.22522705793380737,
        0.23701126873493195,
        0.1926867514848709,
        0.12563875317573547,
        0.1249929890036583,
        0.13827790319919586,
        0.11876863241195679,
        0.12153872102499008,
        0.15253321826457977,
        0.17282770574092865,
        0.14634259045124054,
        0.12504950165748596,
        0.12396746128797531,
        0.13991354405879974,
        0.1359943449497223,
        0.1333472579717636,
        0.16934385895729065,
        0.1651422679424286,
        0.1425926238298416,
        0.1413028985261917,
        0.09138569980859756,
        0.08056996017694473,
        0.08210361003875732,
        0.0965120792388916,
        0.10011613368988037,
        0.10277154296636581,
        0.08850332349538803,
        0.09037619084119797,
        0.07766404747962952,
        0.06404266506433487,
        0.06985533982515335,
        0.07792242616415024,
        0.07239077240228653,
        0.10191942006349564,
        0.11685139685869217,
        0.06706196069717407,
        0.05846233293414116,
        0.06911466270685196,
        0.08495403081178665,
        0.11927848309278488,
        0.11538664251565933,
        0.13070149719715118,
        0.11988068372011185,
        0.10720774531364441,
        0.11441811174154282,
        0.13401581346988678,
        0.12714728713035583,
        0.11133689433336258,
        0.1134248599410057,
        0.1259177029132843,
        0.1154458224773407,
        0.09775547683238983,
        0.10359083116054535,
        0.09182067215442657,
        0.08904457092285156,
        0.12371895462274551,
        0.1281299591064453,
        0.15128962695598602,
        0.16963468492031097,
        0.17709732055664062,
        0.1980125606060028,
        0.1798589825630188,
        0.16652695834636688,
        0.17008733749389648,
        0.11464978754520416,
        0.1205906793475151,
        0.1140565276145935,
        0.11014449596405029,
        0.10526082664728165,
        0.11046265810728073,
        0.09435147792100906,
        0.07193732261657715,
        0.08606574684381485,
        0.11251021921634674,
        0.09945844113826752,
        0.08498097956180573,
        0.072275310754776,
        0.07694081217050552,
        0.08285035192966461,
        0.07873671501874924,
        0.09453421086072922,
        0.15078219771385193,
        0.2545561194419861,
        0.14596891403198242,
        0.09039736539125443,
        0.07748257368803024,
        0.07648511230945587,
        0.07757694274187088,
        0.0870760977268219,
        0.10007840394973755,
        0.09597716480493546,
        0.07642174512147903,
        0.06834504008293152,
        0.09998983144760132,
        0.1302834004163742,
        0.15659239888191223,
        0.14610019326210022,
        0.15399082005023956,
        0.14476247131824493,
        0.15099085867404938,
        0.14837293326854706,
        0.1375538557767868,
        0.10998209565877914,
        0.11216473579406738,
        0.10676805675029755,
        0.09488968551158905,
        0.08950679004192352,
        0.10045277327299118,
        0.09897805005311966,
        0.11961548030376434,
        0.1254461258649826,
        0.13118858635425568,
        0.11575877666473389,
        0.11836016178131104,
        0.09597034752368927,
        0.10440272837877274,
        0.12062402069568634,
        0.13782262802124023,
        0.11951662600040436,
        0.09653560072183609,
        0.11411598324775696,
        0.14347366988658905,
        0.11684127151966095,
        0.07332351803779602,
        0.0738939493894577,
        0.09501012414693832,
        0.1040225699543953,
        0.09614000469446182,
        0.09248649328947067,
        0.09894207864999771,
        0.09041107445955276,
        0.08620084077119827,
        0.08649810403585434,
        0.0980527400970459,
        0.10616779327392578,
        0.10443931072950363,
        0.12121009826660156,
        0.11813432723283768,
        0.12380223721265793,
        0.1250290423631668,
        0.13940869271755219,
        0.11684136092662811,
        0.12236636132001877,
        0.11622774600982666,
        0.11687099933624268,
        0.13269425928592682,
        0.15834543108940125,
        0.16038866341114044,
        0.14579537510871887,
        0.13097427785396576,
        0.15633617341518402,
        0.17493534088134766,
        0.17876224219799042,
        0.16292276978492737,
        0.14646866917610168,
        0.1017526313662529,
        0.07787088304758072,
        0.11536040157079697,
        0.12240330874919891,
        0.108982153236866,
        0.07090595364570618,
        0.06504395604133606,
        0.07558365166187286,
        0.07566995918750763,
        0.06543776392936707,
        0.0629599392414093,
        0.07432734221220016,
        0.09828054159879684,
        0.1393054872751236,
        0.19405433535575867,
        0.2634657323360443,
        0.3187887966632843,
        0.3563043177127838,
        0.37943366169929504,
        0.3914763927459717,
        0.3947935700416565,
        0.38681578636169434,
        0.4176194965839386,
        0.4724864661693573
    ],