{
    "video_name": "class4_snap_3",
    "class": 4,
    "num_frames": 36,
    "magnitude_per_frame": [
        0.0,
        0.19421721994876862,
        0.24141784012317657,
        0.16874784231185913,
        0.09804466366767883,
        0.14527985453605652,
        0.21836304664611816,
        0.16209955513477325,
        0.18421754240989685,
        0.17863883078098297,
        0.19256752729415894,
        0.14763087034225464,
        0.12962724268436432,
        0.16363324224948883,
        0.1972157061100006,
        0.2388453185558319,
        0.1704580932855606,
        0.14354859292507172,
        0.2445424348115921,
        0.1628587692975998,
        0.1990332305431366,
        0.17052029073238373,
        0.14303460717201233,
        0.23622433841228485,
        0.1873956173658371,
        0.1920848786830902,
        0.2580892741680145,
        0.19166983664035797,
        0.22898782789707184,
        0.24342212080955505,
        0.25304171442985535,
        0.24218323826789856,
        0.27710601687431335,
        0.21409273147583008,
        0.2281353920698166,
        0.23317474126815796
    ],
    "color_contrast": [
        1.8478080580530372,
        1.838209152334108,
        1.8465269763629653,
        1.8440287034395064,
        1.8448757507716664,
        1.8364435654962172,
        1.84492983093049,
        1.843381929212138,
        1.8474288251480866,
        1.8358351912902007,
        1.8447909434284895,
        1.843062811388428,
        1.8429499769832867,
        1.8372120789343063,
        1.84483076384497,
        1.8424798569768037,
        1.8400558313225341,
        1.8352054710574355,
        1.838678874982504,
        1.8391226393599545,
        1.8364166694203798,
        1.8314433180195004,
        1.83877721936231,
        1.8408910741846762,
        1.8428872514483072,
        1.838053158913848,
        1.8499379353911576,
        1.8477904279033468,
        1.8495998254794583,
        1.8453655275744256,
        1.8501083466436195,
        1.8498661878079417,
        1.8508311888818771,
        1.8451170718158498,
        1.8524698257358134,
        1.8490614410099908
    ]
}