{
    "video_name": "class2_flick_2",
    "class": 2,
    "num_frames": 34,
    "magnitude_per_frame": [
        0.0,
        0.3113621771335602,
        0.3353504538536072,
        0.2518954575061798,
        0.2232828289270401,
        0.1925121396780014,
        0.1638750582933426,
        0.28328704833984375,
        0.35469305515289307,
        0.37897878885269165,
        0.2859981656074524,
        0.2592795193195343,
        0.30351048707962036,
        0.3426530063152313,
        0.3706505596637726,
        0.39474666118621826,
        0.4058791995048523,
        0.3334190249443054,
        0.31367599964141846,
        0.2670917212963104,
        0.2723602056503296,
        0.2747443616390228,
        0.27910086512565613,
        0.36174705624580383,
        0.3463226854801178,
        0.34370917081832886,
        0.32868093252182007,
        0.30240610241889954,
        0.22940890491008759,
        0.22956909239292145,
        0.199905127286911,
        0.1678306609392166,
        0.1610395759344101,
        0.17642386257648468
    ],
    "color_contrast": [
        2.4219561192301016,
        2.425751126817372,
        2.4259697035316163,
        2.4259707988284465,
        2.4259595259376066,
        2.412870507675366,
        2.408313338256724,
        2.416733904426499,
        2.4169869054277084,
        2.4129779520588706,
        2.412467440158679,
        2.413227918772034,
        2.412639592185562,
        2.4177788139506937,
        2.4092964477824204,
        2.4148895077149755,
        2.408960483984852,
        2.409690222855373,
        2.4004608393941163,
        2.403635280310896,
        2.400000987107313,
        2.4036641969801216,
        2.4039758767795587,
        2.404776806155237,
        2.39075641276142,
        2.389390259543037,
        2.386529869182944,
        2.3917430912673208,
        2.3834637683341153,
        2.384954818608123,
        2.388600471306265,
        2.3887616357225685,
        2.3841202546414957,
        2.3886018720109576
    ]
}