{
    "video_name": "class1_lift_1",
    "class": 1,
    "num_frames": 55,
    "magnitude_per_frame": [
        0.0,
        0.48097479343414307,
        0.4580850899219513,
        0.4697887599468231,
        0.47649142146110535,
        0.5049794316291809,
        0.5157144665718079,
        0.4534826874732971,
        0.44605234265327454,
        0.46222352981567383,
        0.45039796829223633,
        0.4174068868160248,
        0.4126357138156891,
        0.4277287721633911,
        0.4310265779495239,
        0.3943946361541748,
        0.4124273955821991,
        0.401213139295578,
        0.4319508671760559,
        0.40976017713546753,
        0.4080554246902466,
        0.38254159688949585,
        0.34851619601249695,
        0.37480637431144714,
        0.5027705430984497,
        0.4103260636329651,
        0.4595792293548584,
        0.4653579294681549,
        0.48312413692474365,
        0.4411516487598419,
        0.44509437680244446,
        0.3845369219779968,
        0.39021962881088257,
        0.372483491897583,
        0.3601829409599304,
        0.3286188244819641,
        0.32572853565216064,
        0.3454563319683075,
        0.34175610542297363,
        0.298443466424942,
        0.28168633580207825,
        0.28725653886795044,
        0.25972843170166016,
        0.2384520024061203,
        0.25452399253845215,
        0.2208406925201416,
        0.2049306482076645,
        0.1731688231229782,
        0.17539913952350616,
        0.14203983545303345,
        0.141660675406456,
        0.15654456615447998,
        0.14795401692390442,
        0.1614259034395218,
        0.20123742520809174
    ],
    "color_contrast": [
        2.044468039734903,
        2.029191031212711,
        2.0314607104639864,
        2.025095018391358,
        2.0260338926316988,
        2.0239909241405694,
        2.0269724357283008,
        2.0252151034458303,
        2.0290394766887743,
        2.0268551324792536,
        2.0372916862598385,
        2.0413287003169027,
        2.0482468698336276,
        2.0441831574627614,
        2.0524590807216465,
        2.051844336227183,
        2.051387258679924,
        2.040212398415982,
        2.040120505637765,
        2.035968118340066,
        2.0336597633708426,
        2.0264690038504964,
        2.0314115502933854,
        2.027426325626495,
        2.030447267615872,
        2.0257974824167313,
        2.029782096928241,
        2.0249998533145326,
        2.0246953386824047,
        2.014196865451151,
        2.0192916039243696,
        2.017600807367661,
        2.0133783351071837,
        2.004070133674103,
        2.0045127584641658,
        2.002330448267284,
        2.0059770602510634,
        1.9990620891146986,
        2.0064737800548698,
        2.008574487142983,
        2.0087562218357147,
        2.0045646831089576,
        2.0110617931778223,
        2.0084778436075434,
        2.0069533111840614,
        2.0018116820874474,
        2.0127330132929084,
        2.008985854936091,
        2.0076678576957856,
        2.000012359982856,
        2.0065388479871378,
        2.0071745682861306,
        2.0067495935879727,
        1.999658892181042,
        2.005791233079181
    ]
}