{
    "video_name": "class4_crush_1",
    "class": 4,
    "num_frames": 38,
    "magnitude_per_frame": [
        0.0,
        0.10900738835334778,
        0.0962163582444191,
        0.11295083165168762,
        0.11542416363954544,
        0.1281275451183319,
        0.11226686090230942,
        0.11654098331928253,
        0.1342814564704895,
        0.17813843488693237,
        0.1476535201072693,
        0.10927246510982513,
        0.13405948877334595,
        0.18255633115768433,
        0.1539561152458191,
        0.13464751839637756,
        0.15499162673950195,
        0.16905172169208527,
        0.12853239476680756,
        0.11951687186956406,
        0.13441374897956848,
        0.14295828342437744,
        0.12678195536136627,
        0.14622282981872559,
        0.13909867405891418,
        0.1314976066350937,
        0.13323712348937988,
        0.1328967958688736,
        0.13380208611488342,
        0.13987180590629578,
        0.12482783198356628,
        0.11292865127325058,
        0.1059078499674797,
        0.10991544276475906,
        0.11868930608034134,
        0.1031106561422348,
        0.12673375010490417,
        0.18316304683685303
    ],
    "color_contrast": [
        2.0441418168496592,
        2.0414731662801313,
        2.0427819483912972,
        2.0435331789293025,
        2.0426957999843753,
        2.036858887924543,
        2.0368396988462756,
        2.038402199299648,
        2.0343596499721133,
        2.03101891700198,
        2.0300813727083926,
        2.030582771815972,
        2.02518263359483,
        2.0259503985418372,
        2.025100050703048,
        2.0256470563275757,
        2.0240242637015444,
        2.0192768685488085,
        2.018488670763766,
        2.021624846598569,
        2.019655187837839,
        2.0187966900753285,
        2.016652364023231,
        2.022448568070665,
        2.019631833536638,
        2.024853197589538,
        2.023115220525068,
        2.024461220235994,
        2.0241723582181033,
        2.0247027579299046,
        2.0248304916296616,
        2.0227197674842783,
        2.019873095301979,
        2.025369474166841,
        2.022566887415657,
        2.02464292219423,
        2.020896122290878,
        2.026631721488481
    ]
}