{
    "video_name": "class1_lift_2",
    "class": 1,
    "num_frames": 72,
    "magnitude_per_frame": [
        0.0,
        0.08549223095178604,
        0.08777542412281036,
        0.09582221508026123,
        0.07401470094919205,
        0.08930817991495132,
        0.08839461952447891,
        0.09130464494228363,
        0.10704607516527176,
        0.12833979725837708,
        0.1036919355392456,
        0.1100306585431099,
        0.11819666624069214,
        0.09559773653745651,
        0.09703680127859116,
        0.09550443291664124,
        0.09255112707614899,
        0.09198631346225739,
        0.08537525683641434,
        0.0702318400144577,
        0.08729462325572968,
        0.08264356851577759,
        0.08156488090753555,
        0.0724087655544281,
        0.08540838956832886,
        0.08361473679542542,
        0.08195292204618454,
        0.06765633821487427,
        0.07376836985349655,
        0.07215233892202377,
        0.07362253218889236,
        0.0699307844042778,
        0.08185606449842453,
        0.08090056478977203,
        0.0805819183588028,
        0.08023307472467422,
        0.07192617654800415,
        0.06701154261827469,
        0.06319084763526917,
        0.06967854499816895,
        0.06423051655292511,
        0.07015769928693771,
        0.05538773909211159,
        0.06291221082210541,
        0.07109636068344116,
        0.05860171467065811,
        0.061502475291490555,
        0.0630343034863472,
        0.0665266364812851,
        0.06171751394867897,
        0.06158911809325218,
        0.059920262545347214,
        0.06552513688802719,
        0.07949177920818329,
        0.08074178546667099,
        0.09459920972585678,
        0.0871848538517952,
        0.08402684330940247,
        0.08211575448513031,
        0.08291679620742798,
        0.07801426947116852,
        0.10079982131719589,
        0.0868564322590828,
        0.08371896296739578,
        0.08282262831926346,
        0.08852586895227432,
        0.07251131534576416,
        0.06725219637155533,
        0.08732683211565018,
        0.048602696508169174,
        0.04678645357489586,
        0.05702333152294159
    ],
    "color_contrast": [
        1.4003941122936479,
        1.3997487694096615,
        1.401745385160297,
        1.4027752982156816,
        1.4022506618524784,
        1.4017034923781537,
        1.4022285078513244,
        1.4018127776925702,
        1.4030299067664846,
        1.4031585726772213,
        1.4027907991578716,
        1.400858952643499,
        1.398546234380068,
        1.3975323962095085,
        1.396168413550484,
        1.3952306098083165,
        1.3968716520101296,
        1.3944624951487823,
        1.392717180877011,
        1.3908523613766444,
        1.392170118739207,
        1.393573464268873,
        1.393312021898125,
        1.392773244769632,
        1.394451461663696,
        1.39566893956135,
        1.3959624789554117,
        1.3948053456158334,
        1.3923720926419139,
        1.3927530008894637,
        1.3914982846721557,
        1.3904455381250853,
        1.3896838402090275,
        1.3889869329242008,
        1.3878532920091575,
        1.3864960838835823,
        1.3862141424675525,
        1.3854333126871754,
        1.3842915935378353,
        1.3849078821635132,
        1.3828191644702674,
        1.383162170601787,
        1.3843235309096606,
        1.3834121135659072,
        1.382738305731334,
        1.3815057899387835,
        1.3802752718737104,
        1.3806417237227366,
        1.3810161883938847,
        1.3778065748595576,
        1.3783953414778538,
        1.3788006302613423,
        1.3779528466902273,
        1.377374960911729,
        1.3756162388497308,
        1.3792681150259138,
        1.3792205332118646,
        1.380590895423789,
        1.379013521131814,
        1.3806971386952935,
        1.378899975882485,
        1.381047342812305,
        1.3780477269055373,
        1.377907251295271,
        1.3772103327619838,
        1.3774008537821423,
        1.3788696412061474,
        1.377961608299368,
        1.3783754570038604,
        1.3763585160577578,
        1.3768528908430453,
        1.3753845598602314
    ]
}