{
    "video_name": "class4_snap_1",
    "class": 4,
    "num_frames": 54,
    "magnitude_per_frame": [
        0.0,
        0.09104499220848083,
        0.1391168236732483,
        0.1041644737124443,
        0.0931529551744461,
        0.0994463562965393,
        0.1114400178194046,
        0.10229295492172241,
        0.09518128633499146,
        0.09268899261951447,
        0.08672641962766647,
        0.11576416343450546,
        0.08779041469097137,
        0.09798191487789154,
        0.11182494461536407,
        0.1064818874001503,
        0.10724052041769028,
        0.11536367237567902,
        0.10357341915369034,
        0.4561636745929718,
        0.4585409164428711,
        0.2853718101978302,
        0.32701021432876587,
        0.3200128674507141,
        0.5380339622497559,
        0.5733187198638916,
        0.5680199861526489,
        0.3194881081581116,
        0.3835359513759613,
        0.4564284086227417,
        0.4135788381099701,
        0.3382932245731354,
        0.23272202908992767,
        0.2495344877243042,
        0.2667156457901001,
        0.21152354776859283,
        0.1859489232301712,
        0.6830208897590637,
        0.21137574315071106,
        0.6761992573738098,
        0.31035080552101135,
        0.4598550498485565,
        0.2850576937198639,
        0.6933708786964417,
        0.35873499512672424,
        0.34214016795158386,
        0.27832329273223877,
        0.24767819046974182,
        0.264671266078949,
        0.2585354745388031,
        0.2580517828464508,
        0.7927727103233337,
        0.2714956998825073,
        0.6233880519866943
    ],
    "color_contrast": [
        2.087427057552552,
        2.087576055215979,
        2.0846500536902073,
        2.0863659161505588,
        2.0852463131196077,
        2.0869942826671095,
        2.0881087315512796,
        2.085489318020788,
        2.083746915099766,
        2.085247712343224,
        2.083889850799901,
        2.0843808704727245,
        2.0820900767602497,
        2.0814408937373994,
        2.080559554165262,
        2.082793102367732,
        2.0838823929769603,
        2.0852898739275716,
        2.082409509579958,
        2.0856897173763436,
        2.0850441298254925,
        2.0868901571653007,
        2.0803452358074166,
        2.0815781356929652,
        2.0876434695533987,
        2.077454348689494,
        2.079818154247762,
        2.0861613202795115,
        2.0876404577875376,
        2.0830785645769567,
        2.077699566454374,
        2.071839530728937,
        2.0732718806009185,
        2.0765713783058066,
        2.0807798112761673,
        2.079121914170854,
        2.07604758065597,
        2.0746559674833347,
        2.0756972327085834,
        2.0750755270774124,
        2.0731514732944096,
        2.0710871176656585,
        2.06384372001795,
        2.065486611852449,
        2.067984465978733,
        2.067106485986893,
        2.0661143742263186,
        2.069455636258287,
        2.0669331131812934,
        2.067103775272607,
        2.063312375202717,
        2.0641182925097192,
        2.0677629557772703,
        2.0714535899346544
    ]
}