{
    "video_name": "class3_tape_4",
    "class": 3,
    "num_frames": 47,
    "magnitude_per_frame": [
        0.0,
        0.22597652673721313,
        0.22571446001529694,
        0.19500477612018585,
        0.21842192113399506,
        0.20925664901733398,
        0.1823406219482422,
        0.2102276235818863,
        0.20163612067699432,
        0.20921744406223297,
        0.18562515079975128,
        0.21222326159477234,
        0.17593972384929657,
        0.18206427991390228,
        0.1551232486963272,
        0.1254620999097824,
        0.11836550384759903,
        0.1318131536245346,
        0.10922372341156006,
        0.12774665653705597,
        0.11348089575767517,
        0.11704567819833755,
        0.09783509373664856,
        0.08579324930906296,
        0.10284193605184555,
        0.10341471433639526,
        0.10101085901260376,
        0.08200669288635254,
        0.08322428166866302,
        0.1032024621963501,
        0.06832680851221085,
        0.06871335208415985,
        0.09187329560518265,
        0.15202181041240692,
        0.08304480463266373,
        0.08844465017318726,
        0.09833230078220367,
        0.10857352614402771,
        0.08307820558547974,
        0.08292070031166077,
        0.09810604900121689,
        0.09740617126226425,
        0.10353658348321915,
        0.13804030418395996,
        0.14627155661582947,
        0.13873915374279022,
        0.14967766404151917
    ],
    "color_contrast": [
        1.9385480216848936,
        1.9372835842750187,
        1.942826095973832,
        1.9416497808626634,
        1.9373816264736883,
        1.9405312020009802,
        1.9379318517646822,
        1.9373131575945277,
        1.9350636943569912,
        1.9347755930671018,
        1.9327116695554987,
        1.9376174357531064,
        1.932901166186704,
        1.9316008019699182,
        1.931262924267714,
        1.9304765110355362,
        1.927857892733652,
        1.9294934376431943,
        1.9275303569619622,
        1.9263586364690424,
        1.923915968190083,
        1.9263801391296618,
        1.9251975490648565,
        1.927146512118844,
        1.9229712217442674,
        1.9269289185611236,
        1.9241037453074397,
        1.9237378236847134,
        1.9207016442513343,
        1.9240124004402157,
        1.9226751853226935,
        1.9282069069051249,
        1.9266853558522572,
        1.929663431680497,
        1.9282146499863855,
        1.9284145426961432,
        1.9233738214937748,
        1.9312537372541785,
        1.9293391712666497,
        1.9305194078356807,
        1.9308889873533215,
        1.9371185798231418,
        1.938026418675003,
        1.9371885874885,
        1.935848990262851,
        1.9401804254989978,
        1.9384338132858352
    ]
}