{
    "video_name": "class3_strap_2",
    "class": 3,
    "num_frames": 147,
    "magnitude_per_frame": [
        0.0,
        0.13000339269638062,
        0.11677247285842896,
        0.12984777987003326,
        0.14449962973594666,
        0.1276373565196991,
        0.07307855039834976,
        0.10414533317089081,
        0.11984976381063461,
        0.13079172372817993,
        0.163299560546875,
        0.20904824137687683,
        0.23218680918216705,
        0.2482275664806366,
        0.26490598917007446,
        0.2451324462890625,
        0.24509309232234955,
        0.24414712190628052,
        0.23657749593257904,
        0.220997616648674,
        0.25114738941192627,
        0.22251403331756592,
        0.1811959147453308,
        0.21420396864414215,
        0.22749143838882446,
        0.2284305989742279,
        0.21218794584274292,
        0.23821885883808136,
        0.24491894245147705,
        0.25997796654701233,
        0.25541597604751587,
        0.31539884209632874,
        0.35373619198799133,
        0.3800738453865051,
        0.3770192861557007,
        0.3767862617969513,
        0.38715294003486633,
        0.37620624899864197,
        0.3736570179462433,
        0.37598907947540283,
        0.35041099786758423,
        0.3778479993343353,
        0.38153818249702454,
        0.4006943106651306,
        0.39791223406791687,
        0.41439077258110046,
        0.4175504744052887,
        0.49736836552619934,
        0.40853074193000793,
        0.39842408895492554,
        0.3486034572124481,
        0.32493355870246887,
        0.37442925572395325,
        0.4830201268196106,
        0.512117326259613,
        0.38832610845565796,
        0.28786394000053406,
        0.30589714646339417,
        0.295156866312027,
        0.3033628761768341,
        0.267935186624527,
        0.259033739566803,
        0.24709145724773407,
        0.2653035521507263,
        0.2566379904747009,
        0.22283540666103363,
        0.18472491204738617,
        0.24454690515995026,
        0.21491873264312744,
        0.2207910269498825,
        0.28242820501327515,
        0.25520992279052734,
        0.24028553068637848,
        0.23438146710395813,
        0.25140461325645447,
        0.28121256828308105,
        0.28802454471588135,
        0.273820161819458,
        0.2740952968597412,
        0.26468709111213684,
        0.23368142545223236,
        0.23890110850334167,
        0.21122366189956665,
        0.1781758815050125,
        0.20502632856369019,
        0.2383890599012375,
        0.2477397322654724,
        0.230649933218956,
        0.24802865087985992,
        0.2922442555427551,
        0.2916943430900574,
        0.21968190371990204,
        0.24202576279640198,
        0.25934553146362305,
        0.24869117140769958,
        0.23384661972522736,
        0.24261502921581268,
        0.2353242188692093,
        0.2310262769460678,
        0.21924011409282684,
        0.20695194602012634,
        0.18540635704994202,
        0.1859850138425827,
        0.2096053659915924,
        0.21114344894886017,
        0.21522560715675354,
        0.17522147297859192,
        0.15919731557369232,
        0.1885867565870285,
        0.20459775626659393,
        0.14309349656105042,
        0.15186628699302673,
        0.15903760492801666,
        0.1577252298593521,
        0.14966584742069244,
        0.12069666385650635,
        0.12229310721158981,
        0.11099395900964737,
        0.10943648219108582,
        0.1119997426867485,
        0.1271844208240509,
        0.15624400973320007,
        0.14834177494049072,
        0.15170779824256897,
        0.15788546204566956,
        0.16957619786262512,
        0.17921839654445648,
        0.1569014936685562,
        0.1743893325328827,
        0.17005757987499237,
        0.14553532004356384,
        0.14007043838500977,
        0.15519174933433533,
        0.14895044267177582,
        0.13618691265583038,
        0.12261620908975601,
        0.1278756707906723,
        0.12465167045593262,
        0.1204405203461647,
        0.11049462854862213,
        0.10745484381914139,
        0.1100408285856247,
        0.10385467112064362,
        0.10088378936052322,
        0.10821888595819473,
        0.12167186290025711,
        0.13027799129486084
    ],