{
    "video_name": "class1_lower_2",
    "class": 1,
    "num_frames": 68,
    "magnitude_per_frame": [
        0.0,
        0.1930648535490036,
        0.14089104533195496,
        0.16689591109752655,
        0.20314648747444153,
        0.18989457190036774,
        0.16186721622943878,
        0.217704638838768,
        0.22578021883964539,
        0.3565332889556885,
        0.28227201104164124,
        0.41123631596565247,
        0.38725966215133667,
        0.36922329664230347,
        0.45132923126220703,
        0.4458450675010681,
        0.5045052766799927,
        0.575808048248291,
        0.4814477264881134,
        0.44645389914512634,
        0.45264533162117004,
        0.5090134739875793,
        0.5198175311088562,
        0.4965490698814392,
        0.451429158449173,
        0.43189266324043274,
        0.3290064334869385,
        0.34718087315559387,
        0.3248599171638489,
        0.3029637336730957,
        0.3335407078266144,
        0.31167349219322205,
        0.35694050788879395,
        0.3346765637397766,
        0.28551769256591797,
        0.3532421886920929,
        0.32951146364212036,
        0.35627442598342896,
        0.2925961911678314,
        0.28962862491607666,
        0.35591068863868713,
        0.28425052762031555,
        0.2518250048160553,
        0.2732504606246948,
        0.2468855082988739,
        0.1658550202846527,
        0.17029675841331482,
        0.14993314445018768,
        0.12274455279111862,
        0.09982330352067947,
        0.19724594056606293,
        0.15550263226032257,
        0.14549662172794342,
        0.1783105581998825,
        0.20314359664916992,
        0.23546339571475983,
        0.28278204798698425,
        0.33808958530426025,
        0.38798633217811584,
        0.39978933334350586,
        0.4403911232948303,
        0.47491398453712463,
        0.5381888151168823,
        0.5343449711799622,
        0.5505854487419128,
        0.558928906917572,
        0.5630799531936646,
        0.5224089622497559
    ],
    "color_contrast": [
        2.81664225336763,
        2.8147740303457196,
        2.812402905035385,
        2.809724462247849,
        2.8119279363713243,
        2.8086957038387634,
        2.8099573060380263,
        2.8020170526167254,
        2.8086499723465974,
        2.808140835420725,
        2.8145813925175585,
        2.805426474141086,
        2.818418812974638,
        2.8185555380096123,
        2.8206410380471034,
        2.8163438131719594,
        2.822018252773949,
        2.820690494744328,
        2.819554724628323,
        2.80538065733136,
        2.8082381868716397,
        2.8071101413583968,
        2.8102414574947625,
        2.796729496326146,
        2.7984117801905164,
        2.7823655121486284,
        2.7791745498816445,
        2.7654104420528567,
        2.7729445581740366,
        2.764370566066923,
        2.7656621047596373,
        2.7509756973188018,
        2.7587655040499195,
        2.751961019670217,
        2.7511338738376057,
        2.74162098255312,
        2.7547662744134542,
        2.7560997039438218,
        2.756366653377668,
        2.7455827467899145,
        2.7593939099609366,
        2.7519094203692815,
        2.7587411907613486,
        2.741388276708164,
        2.749383012941952,
        2.741706049953793,
        2.7452106213863496,
        2.7317570121067556,
        2.7370552807975868,
        2.7340901188213813,
        2.7363717467910185,
        2.7281292363546514,
        2.7400090222041436,
        2.7345758942435263,
        2.743701232841865,
        2.7336190449330466,
        2.7457408002246764,
        2.7413338799729363,
        2.7441959485656713,
        2.7411498456959644,
        2.7564202743664987,
        2.7604780003383866,
        2.7681122221425465,
        2.7636944664661702,
        2.781459128520564,
        2.7842641832422896,
        2.791161731644645,
        2.778839392592652
    ]
}