{
    "video_name": "class2_shove_4",
    "class": 2,
    "num_frames": 57,
    "magnitude_per_frame": [
        0.0,
        0.42817237973213196,
        0.3885596692562103,
        0.3637448847293854,
        0.41950568556785583,
        0.3961147367954254,
        0.387147456407547,
        0.4325650632381439,
        0.446248322725296,
        0.4442065358161926,
        0.4547308385372162,
        0.4741806387901306,
        0.5002524256706238,
        0.5388314723968506,
        0.5640919208526611,
        0.6659514904022217,
        0.7569818496704102,
        0.6735221743583679,
        0.7267305254936218,
        0.8342934846878052,
        0.8806242346763611,
        1.0117847919464111,
        1.140608549118042,
        1.1428287029266357,
        1.156158208847046,
        1.1561249494552612,
        1.1756671667099,
        1.1318422555923462,
        1.210824966430664,
        1.2977982759475708,
        1.2998523712158203,
        1.2174317836761475,
        1.1216421127319336,
        1.0162582397460938,
        0.913541316986084,
        0.818590521812439,
        0.7838582992553711,
        0.7566824555397034,
        0.7739395499229431,
        0.8067516684532166,
        0.8028281331062317,
        0.8097500205039978,
        0.8620401620864868,
        0.8637017011642456,
        0.7962901592254639,
        0.7367892861366272,
        0.7585023045539856,
        0.7483292818069458,
        0.7619272470474243,
        0.8780196309089661,
        1.0848877429962158,
        1.2759215831756592,
        1.464672565460205,
        1.6578160524368286,
        1.7063707113265991,
        1.7062983512878418,
        1.5226459503173828
    ],
    "color_contrast": [
        2.650785778554413,
        2.6422257551463972,
        2.6466061502336,
        2.646712561427643,
        2.6418125903519116,
        2.6488320993237404,
        2.654083999645889,
        2.644210822199682,
        2.6418827584852456,
        2.6441635054115387,
        2.644759316871584,
        2.636676214318356,
        2.632029492400923,
        2.6295505814229037,
        2.6259096425635184,
        2.614075963417262,
        2.6124582643093497,
        2.6238233739841954,
        2.6288956141498874,
        2.6256198812754667,
        2.632801624314868,
        2.646378898587991,
        2.650178408199551,
        2.649770564312863,
        2.6537337577581503,
        2.656250286728117,
        2.653469539502143,
        2.6565854455525852,
        2.654648437523121,
        2.6597026579110183,
        2.6657786499332365,
        2.6742005248565746,
        2.678618671397638,
        2.6855208406877558,
        2.6807584222132173,
        2.6813618558310366,
        2.6693321368793197,
        2.678453236900166,
        2.680700712870087,
        2.68222108010945,
        2.6781557575596375,
        2.686971185059269,
        2.672711774928693,
        2.674386547743713,
        2.6658435941007137,
        2.6739104354857868,
        2.6600492796802224,
        2.656754137960737,
        2.6557011225996314,
        2.6537794617942674,
        2.648733523152367,
        2.649694402814047,
        2.654943360961969,
        2.6453307839367617,
        2.6315233379551315,
        2.624808027735514,
        2.602993946860673
    ]
}