{
    "video_name": "class1_lift_4",
    "class": 1,
    "num_frames": 76,
    "magnitude_per_frame": [
        0.0,
        0.4009031355381012,
        0.3059237599372864,
        0.25646916031837463,
        0.3041914403438568,
        0.31688791513442993,
        0.35077014565467834,
        0.38403457403182983,
        0.4020403325557709,
        0.5078173875808716,
        0.46773549914360046,
        0.481435626745224,
        0.5297068953514099,
        0.6818140745162964,
        0.7445441484451294,
        0.8492147326469421,
        0.8063359260559082,
        0.7359453439712524,
        0.8057364225387573,
        0.7921642065048218,
        0.8289777636528015,
        0.8947669863700867,
        0.825842022895813,
        0.8746946454048157,
        0.8784061670303345,
        0.8743739724159241,
        0.7882353663444519,
        0.7809297442436218,
        0.7262678146362305,
        0.7067619562149048,
        0.7599535584449768,
        0.7073152661323547,
        0.7012428641319275,
        0.6191774606704712,
        0.6373339891433716,
        0.9882694482803345,
        1.4133048057556152,
        1.6226861476898193,
        1.7059813737869263,
        1.372418761253357,
        1.1461352109909058,
        0.852811336517334,
        0.7166428565979004,
        0.6983925700187683,
        0.6882718205451965,
        0.7365496158599854,
        0.7676216959953308,
        0.7750347852706909,
        0.6899243593215942,
        0.6613200902938843,
        0.6683711409568787,
        0.788601279258728,
        0.831575870513916,
        0.6456710696220398,
        0.7947948575019836,
        0.9213550686836243,
        0.8920691609382629,
        0.9584714770317078,
        0.8076485395431519,
        0.6609587073326111,
        0.5975786447525024,
        0.5434532761573792,
        0.4170524477958679,
        0.3820294141769409,
        0.38642963767051697,
        0.4169772267341614,
        0.4301397204399109,
        0.2606523036956787,
        0.3031485080718994,
        0.2257533222436905,
        0.2573515772819519,
        0.2350824773311615,
        0.21359531581401825,
        0.2462218999862671,
        0.1950942724943161,
        0.21406082808971405
    ],
    "color_contrast": [
        3.213058472744135,
        3.204137225691688,
        3.200546525345486,
        3.205057772927814,
        3.1999388783502325,
        3.1996561076430914,
        3.199403149193785,
        3.1943940448931905,
        3.208146440896408,
        3.1929702305551597,
        3.1939872434728405,
        3.1814766714385443,
        3.1777730759781377,
        3.173268721351821,
        3.1652955167086234,
        3.1618966343400734,
        3.161085368957708,
        3.1533424397795886,
        3.157029693903555,
        3.1604186352821357,
        3.1504442491774847,
        3.142919308226589,
        3.143442313893046,
        3.1457196282717783,
        3.159370244859866,
        3.1446475523523896,
        3.134499444365234,
        3.127314715734626,
        3.126110662955426,
        3.1238657781599617,
        3.115368359442891,
        3.114380424259936,
        3.1027446890561707,
        3.111883709787737,
        3.113775845104274,
        3.120357918715793,
        3.1453881562071184,
        3.152108504354095,
        3.138572245585069,
        3.110872920285604,
        3.096901629522497,
        3.0819056381044607,
        3.0844476565938455,
        3.0802627325404592,
        3.0838657192575507,
        3.0737513195612713,
        3.0784427171365563,
        3.083653248724997,
        3.0998088423050048,
        3.1068675742091494,
        3.116650155226615,
        3.1188606117487008,
        3.1305923257996118,
        3.1329160345012776,
        3.1500772607126875,
        3.14272974882667,
        3.1508279095902094,
        3.1570613128560217,
        3.160371110020033,
        3.163309519456682,
        3.1612621267666388,
        3.156417183585582,
        3.1582901399137966,
        3.1552694045847325,
        3.152152031548851,
        3.154593344946007,
        3.1495052221237145,
        3.152293140719112,
        3.146874157811243,
        3.1440966043014207,
        3.1451386154428382,
        3.145649660223876,
        3.140523990809764,
        3.14494576764668,
        3.1476567390076537,
        3.149724968442783
    ]
}