{
    "video_name": "class3_strap_3",
    "class": 3,
    "num_frames": 120,
    "magnitude_per_frame": [
        0.0,
        0.9528857469558716,
        0.9185794591903687,
        0.8985915184020996,
        0.8778050541877747,
        1.2094467878341675,
        1.270251750946045,
        1.221785306930542,
        1.084195613861084,
        0.8561258316040039,
        0.6400766372680664,
        0.4198579490184784,
        0.24110907316207886,
        0.2143358290195465,
        0.28755250573158264,
        0.35660940408706665,
        0.38819247484207153,
        0.4170605540275574,
        0.4640941023826599,
        0.4484453797340393,
        0.5047754049301147,
        0.4246394634246826,
        0.3357059955596924,
        0.3318897485733032,
        0.2865343689918518,
        0.2553424537181854,
        0.18803472816944122,
        0.13104137778282166,
        0.14387434720993042,
        0.15487034618854523,
        0.1281183958053589,
        0.11083682626485825,
        0.11994629353284836,
        0.1357397586107254,
        0.1861780434846878,
        0.24658985435962677,
        0.2805081009864807,
        0.2766566276550293,
        0.30827975273132324,
        0.4173887372016907,
        0.42480048537254333,
        0.5194840431213379,
        0.37019771337509155,
        0.40648025274276733,
        0.41382065415382385,
        0.4029005467891693,
        0.38125815987586975,
        0.44370532035827637,
        0.5889973044395447,
        0.5055030584335327,
        0.4534500539302826,
        0.4452061653137207,
        0.4615541696548462,
        0.4477984607219696,
        0.4522365629673004,
        0.37805649638175964,
        0.3321989178657532,
        0.31822365522384644,
        0.2988654673099518,
        0.24325715005397797,
        0.17578718066215515,
        0.21587887406349182,
        0.25697603821754456,
        0.2716844081878662,
        0.2872897982597351,
        0.2511970102787018,
        0.238580584526062,
        0.19869688153266907,
        0.19690924882888794,
        0.19417253136634827,
        0.17659404873847961,
        0.1743125468492508,
        0.18455830216407776,
        0.21072526276111603,
        0.19908827543258667,
        0.1833866834640503,
        0.22200968861579895,
        0.351751446723938,
        0.3815172016620636,
        0.36955299973487854,
        0.3139723837375641,
        0.32923465967178345,
        0.25841400027275085,
        0.39884310960769653,
        0.32578080892562866,
        0.3178391456604004,
        0.3161362409591675,
        0.3160535395145416,
        0.3466393053531647,
        0.33873850107192993,
        0.3822069466114044,
        0.45062267780303955,
        0.35971397161483765,
        0.26012617349624634,
        0.2915600538253784,
        0.3659842014312744,
        0.38473930954933167,
        0.360644668340683,
        0.44587358832359314,
        0.5683221817016602,
        0.6220671534538269,
        0.6906696557998657,
        1.0483583211898804,
        1.2534862756729126,
        1.2457795143127441,
        1.1054083108901978,
        1.0679094791412354,
        1.0720911026000977,
        0.9499245882034302,
        1.0117460489273071,
        1.2088723182678223,
        1.1969040632247925,
        1.0234391689300537,
        0.8983039259910583,
        0.7354951500892639,
        0.5691419243812561,
        0.5818336606025696,
        0.5439906716346741,
        0.35521161556243896,
        0.2867678999900818
    ],
    "color_contrast": [
        2.257664245449866,
        2.2492477831662203,
        2.228404009901376,
        2.2261823183119995,
        2.2356526071533467,
        2.234247300698416,
        2.2223580784067707,
        2.2047586633160954,
        2.1708176025191483,
        2.1739669249626448,
        2.1743251047346552,
        2.1610739695379224,
        2.1623487255751987,
        2.1641906967278035,
        2.1690575396158436,
        2.175514772607768,
        2.1712341469187835,
        2.172946772518978,
        2.167816086040307,
        2.168467878339409,
        2.1788896686841324,
        2.1798050120142336,
        2.178593413147759,
        2.176556619887626,
        2.174354670636022,
        2.1733608086989498,
        2.178666217097486,
        2.174133899265266,
        2.1750763404364104,
        2.1742272058459986,
        2.161622133839368,
        2.1640848052872785,
        2.16343264278294,
        2.1688755653518057,
        2.163829937544894,
        2.1591248177941025,
        2.159799739306262,
        2.1638923020575453,
        2.154069695844623,
        2.146767908260609,
        2.1552888594420314,
        2.1528642524960477,
        2.150115422896034,
        2.1503750897845153,
        2.1521527424156788,
        2.1527028016306353,
        2.1529380005314533,
        2.1467731761796838,
        2.1430253778042188,
        2.1503773447611128,
        2.1599843751114074,
        2.1516829586636312,
        2.1484787099220815,
        2.1523569165990417,
        2.156023088678557,
        2.152469346137418,
        2.1474134377623577,
        2.143793094550204,
        2.1437025640176706,
        2.1408850434141167,
        2.137012981272242,
        2.131908458484491,
        2.13521472077704,
        2.1434462047684586,
        2.1521131122635118,
        2.1506770882384676,
        2.151958847624295,
        2.1599190260000274,
        2.166794347847931,
        2.1653794535395634,
        2.163572687673777,
        2.161475718721008,
        2.1598188141175156,
        2.161331002104637,
        2.1625194308389006,
        2.1628975870769733,
        2.1634898575902777,
        2.165802184711724,
        2.1690356666896164,
        2.1711641949458866,
        2.1725535595501695,
        2.1686333700066673,
        2.1743149027674944,
        2.1682162713752366,
        2.1605311798437326,
        2.1488144077066136,
        2.1523192945287453,
        2.1517156940706306,
        2.153042672005015,
        2.148785535490442,
        2.1547071969955596,
        2.1553168751489955,
        2.164873423397065,
        2.160516961525981,
        2.16883472197484,
        2.1724943105501304,
        2.1730680629593095,
        2.1705431302752767,
        2.176190014112281,
        2.1777202661779533,
        2.189932276184802,
        2.1991725776104243,
        2.2168323977233397,
        2.218563763606577,
        2.2309130918128974,
        2.2321718594203293,
        2.2279468546824077,
        2.22977051881606,
        2.223345750440973,
        2.2280353078895017,
        2.236223018678596,
        2.2417518378794123,
        2.255870121986781,
        2.2556972721886153,
        2.2625227670395613,
        2.264832101461532,
        2.25835502866635,
        2.25948401543475,
        2.2643944761337815,
        2.2652569154006055
    ]
}