{
    "video_name": "class1_pull_3",
    "class": 1,
    "num_frames": 90,
    "magnitude_per_frame": [
        0.0,
        0.1557811051607132,
        0.15035176277160645,
        0.14595820009708405,
        0.1558072865009308,
        0.1460997611284256,
        0.1461450159549713,
        0.1511959284543991,
        0.23678791522979736,
        0.2807503044605255,
        0.3097730278968811,
        0.32893505692481995,
        0.36366668343544006,
        0.39079543948173523,
        0.40934714674949646,
        0.4185042977333069,
        0.4483087658882141,
        0.47374850511550903,
        0.49808958172798157,
        0.4995124042034149,
        0.4726121425628662,
        0.48933544754981995,
        0.5097706913948059,
        0.48518478870391846,
        0.5020650625228882,
        0.5258429646492004,
        0.5536680817604065,
        0.5993980169296265,
        0.6044192314147949,
        0.6073817610740662,
        0.6103972792625427,
        0.6102886199951172,
        0.5821823477745056,
        0.5983203053474426,
        0.5611826181411743,
        0.5472711324691772,
        0.5434145927429199,
        0.5481862425804138,
        0.5679989457130432,
        0.5710094571113586,
        0.5778939127922058,
        0.6126222610473633,
        0.5718727707862854,
        0.5373432040214539,
        0.5521952509880066,
        0.558081328868866,
        0.5404573678970337,
        0.4925505518913269,
        0.5201325416564941,
        0.5036813020706177,
        0.455878347158432,
        0.4640011787414551,
        0.4905158579349518,
        0.43992486596107483,
        0.47414568066596985,
        0.45760226249694824,
        0.4743678867816925,
        0.4859435558319092,
        0.47364285588264465,
        0.46700572967529297,
        0.43765202164649963,
        0.4136717915534973,
        0.42225950956344604,
        0.387165367603302,
        0.4127196967601776,
        0.37730100750923157,
        0.388476699590683,
        0.3698068857192993,
        0.33214443922042847,
        0.35130977630615234,
        0.33211687207221985,
        0.307383269071579,
        0.3046887516975403,
        0.2840609550476074,
        0.292743444442749,
        0.2727085053920746,
        0.29684436321258545,
        0.29265227913856506,
        0.2830824851989746,
        0.26557546854019165,
        0.2868604063987732,
        0.25594279170036316,
        0.23467791080474854,
        0.19357839226722717,
        0.11173051595687866,
        0.17409226298332214,
        0.1583521068096161,
        0.16194117069244385,
        0.21053197979927063,
        0.21160437166690826
    ],
    "color_contrast": [
        1.8213540296906148,
        1.819414718899662,
        1.816484693130376,
        1.8147704737358523,
        1.8161217177419644,
        1.8131148084016495,
        1.8159862138589398,
        1.8140899956247114,
        1.815846427113978,
        1.8109592774280079,
        1.8125505009217342,
        1.8108361419661934,
        1.8135062051094493,
        1.8085420690478595,
        1.8143086738720915,
        1.8126737837029132,
        1.8156049261063147,
        1.809117693812514,
        1.8120347652446716,
        1.8121064317494504,
        1.815592463152786,
        1.8136015240130337,
        1.8219049047645142,
        1.8182228214137959,
        1.8194776563138617,
        1.8120375152018584,
        1.8176527765773205,
        1.8099361036016293,
        1.80883886875452,
        1.7970092308044978,
        1.800788317145627,
        1.7945696545166168,
        1.7911340432726566,
        1.780467616020819,
        1.7850614929609518,
        1.7825666207026412,
        1.7819324512817714,
        1.7777642097771018,
        1.7798497604998962,
        1.7747069145141665,
        1.7747671425916425,
        1.771244203780501,
        1.777692203184885,
        1.772630552070776,
        1.7780759456891593,
        1.7722880080738623,
        1.7775396405177282,
        1.77637684841924,
        1.7767534071518354,
        1.7700687767445806,
        1.7757850080239759,
        1.769521412414269,
        1.7729356089904496,
        1.7663853668999556,
        1.7716825823997933,
        1.769814469355758,
        1.7718278271470362,
        1.7625034042982088,
        1.7651953858808334,
        1.7616495808829078,
        1.7617189072795212,
        1.7560326276677896,
        1.7605246450803036,
        1.7551959158969903,
        1.7511686130286,
        1.7463201864051479,
        1.7440795732469294,
        1.739066592747279,
        1.7395857914784996,
        1.7323874512442536,
        1.733882726735811,
        1.730840489541839,
        1.7305754041770463,
        1.7262504384679211,
        1.724246542228794,
        1.7190332421605399,
        1.718276698304709,
        1.7101115431510487,
        1.7089082585855513,
        1.7048021657693302,
        1.7068373690763112,
        1.7053655047154253,
        1.709906906488016,
        1.7059958001805762,
        1.7070481675003029,
        1.701505854587965,
        1.7050016143261568,
        1.7007709484816775,
        1.7011997248543105,
        1.6911929488276183
    ]
}