{
    "video_name": "class4_shatter_4",
    "class": 4,
    "num_frames": 37,
    "magnitude_per_frame": [
        0.0,
        1.216766357421875,
        1.1555123329162598,
        1.1877485513687134,
        1.1736924648284912,
        1.162543535232544,
        1.1264543533325195,
        1.1355105638504028,
        1.1218219995498657,
        1.0291486978530884,
        1.0759799480438232,
        0.9527400732040405,
        0.9443344473838806,
        0.967656672000885,
        0.9644908905029297,
        0.9354989528656006,
        0.9175023436546326,
        0.9222171306610107,
        0.914995014667511,
        0.8993023037910461,
        0.8316566944122314,
        0.7831405401229858,
        0.7583428621292114,
        0.7016969323158264,
        0.6940163373947144,
        0.6227605938911438,
        0.6241092681884766,
        0.5846510529518127,
        0.6052064895629883,
        0.524627149105072,
        0.5573829412460327,
        0.5434182286262512,
        0.5223451256752014,
        0.5168057680130005,
        0.5198161005973816,
        0.5183103680610657,
        0.40317896008491516
    ],
    "color_contrast": [
        2.747280461305522,
        2.7464112144356245,
        2.7510870107249774,
        2.7500595986340364,
        2.748933983274486,
        2.752700768762203,
        2.750275964578806,
        2.752056814681574,
        2.7542131316151157,
        2.7566824731142785,
        2.762195316954463,
        2.7591337382335444,
        2.752412423340381,
        2.7597721619283555,
        2.7509084317002523,
        2.7554786534924776,
        2.74524584752693,
        2.753032610999837,
        2.746566138055981,
        2.749153762005964,
        2.7417959656664403,
        2.744474380301704,
        2.743200065736023,
        2.7419409866027817,
        2.7390511832336952,
        2.738429346587524,
        2.7420020882450773,
        2.740190003161968,
        2.7380498396906523,
        2.740494896740055,
        2.7439131920233955,
        2.7412382483781674,
        2.7422311882289465,
        2.7439922605386236,
        2.7460152110754406,
        2.7462286688136257,
        2.7504538043684508
    ]
}