{
    "video_name": "class2_throw_2",
    "class": 2,
    "num_frames": 32,
    "magnitude_per_frame": [
        0.0,
        0.16868263483047485,
        0.18859319388866425,
        0.3233034610748291,
        0.40761157870292664,
        0.46474412083625793,
        0.43739622831344604,
        0.33732903003692627,
        0.322624146938324,
        0.25500836968421936,
        0.2025844305753708,
        0.1689276397228241,
        0.1654440313577652,
        0.16893379390239716,
        0.14180713891983032,
        0.18318022787570953,
        0.19649039208889008,
        0.16513235867023468,
        0.16517318785190582,
        0.17310932278633118,
        0.17471720278263092,
        0.15375292301177979,
        0.17040280997753143,
        0.1902306079864502,
        0.20988105237483978,
        0.20195190608501434,
        0.21352462470531464,
        0.206254243850708,
        0.20190079510211945,
        0.19715198874473572,
        0.1694376915693283,
        0.18151578307151794
    ],
    "color_contrast": [
        1.6449162193955293,
        1.6359761638525718,
        1.6335462889537935,
        1.639179433814065,
        1.638989696568494,
        1.6412065476768565,
        1.6496338792254777,
        1.6458886295203752,
        1.6540790729608619,
        1.6515613815699635,
        1.653900588164481,
        1.6492926700253583,
        1.6526587775549175,
        1.6590714347635722,
        1.6581456354749333,
        1.6580115030256775,
        1.6524618474066204,
        1.6477043131175013,
        1.648310472946472,
        1.6464479523241153,
        1.6561797132115919,
        1.6525362658838287,
        1.6569528109658118,
        1.6574732854801766,
        1.6539785008968513,
        1.6530865566853579,
        1.6456775811681585,
        1.6400097390650046,
        1.6340636988158386,
        1.6365908208828448,
        1.6254570195362787,
        1.6190355847555367
    ]
}