{
    "video_name": "class1_tote_2",
    "class": 1,
    "num_frames": 86,
    "magnitude_per_frame": [
        0.0,
        1.3978774547576904,
        1.6626815795898438,
        2.0509462356567383,
        2.215524435043335,
        2.31882381439209,
        2.16273832321167,
        2.1745235919952393,
        2.2056069374084473,
        2.362088441848755,
        2.3166353702545166,
        2.545400857925415,
        2.7026021480560303,
        2.9659764766693115,
        3.335214138031006,
        3.3082337379455566,
        3.032759428024292,
        2.8431289196014404,
        2.425628900527954,
        2.732285976409912,
        2.6445438861846924,
        2.8874034881591797,
        2.8303356170654297,
        2.609166383743286,
        2.7224791049957275,
        3.3500728607177734,
        3.0948033332824707,
        2.6905109882354736,
        2.555178165435791,
        2.778364896774292,
        2.9330384731292725,
        3.0438520908355713,
        3.114677906036377,
        2.4329116344451904,
        2.3232064247131348,
        2.338042736053467,
        2.338923692703247,
        2.2668654918670654,
        2.0262858867645264,
        1.9951114654541016,
        2.0963213443756104,
        2.336933135986328,
        2.6038315296173096,
        2.22365665435791,
        2.190288543701172,
        2.2716734409332275,
        2.702672004699707,
        2.788187026977539,
        2.081939697265625,
        2.1710684299468994,
        2.1733157634735107,
        2.113356351852417,
        2.263050079345703,
        2.2549164295196533,
        2.143578290939331,
        1.8608956336975098,
        1.7174100875854492,
        2.4784998893737793,
        2.135080575942993,
        1.929517388343811,
        1.9593167304992676,
        2.060290813446045,
        2.2413644790649414,
        2.3799755573272705,
        2.2256722450256348,
        2.2312419414520264,
        2.241912841796875,
        2.171618700027466,
        1.725132703781128,
        1.2178890705108643,
        1.3585611581802368,
        1.4502801895141602,
        1.4618613719940186,
        1.8299165964126587,
        1.5418519973754883,
        1.365986704826355,
        1.6223602294921875,
        1.7089430093765259,
        1.989344835281372,
        2.1108946800231934,
        2.0665860176086426,
        1.7890645265579224,
        1.5748347043991089,
        1.6024061441421509,
        1.1443660259246826,
        1.20770263671875
    ],
    "color_contrast": [
        1.9209807578327824,
        1.924046947906502,
        1.9378589042705026,
        1.9560269018915901,
        1.9691490364068798,
        1.9792645542391798,
        1.9804408470619257,
        1.9904427302673133,
        1.9963871630124022,
        1.992371882931234,
        2.001329560439614,
        1.9979969311434747,
        2.0004270118247813,
        1.9967841178530665,
        1.9895013909908412,
        1.991420491959184,
        1.9768917177726442,
        1.9682622574410593,
        1.9585984342070173,
        1.951852571317272,
        1.9375677895790933,
        1.9377744363565705,
        1.963275908084034,
        1.980547464278272,
        1.9815857565131123,
        1.9852861067884358,
        1.9903124441430362,
        1.9896682523834375,
        1.9924328048068238,
        1.9900412178227782,
        1.9898551863108083,
        1.985370107759484,
        1.9839509804207458,
        1.9868707281368196,
        1.9777403041486696,
        1.9722086789446553,
        1.9675845310422035,
        1.9589890311721998,
        1.9627216028579593,
        1.9926064455563566,
        2.0020675921080366,
        1.999674990608001,
        1.9989276482843659,
        2.0015133488131442,
        1.9945074987264237,
        1.9943225760599634,
        1.9846431286060975,
        1.9772260150760255,
        1.96795395264974,
        1.967598310379451,
        1.9506162030642813,
        1.9480118106732143,
        1.9387089398577881,
        1.9687218260395487,
        1.9884362724391313,
        2.011074220369241,
        2.0103566903040755,
        2.024638070195678,
        2.03111962458963,
        2.0269617818089665,
        2.0198394177649694,
        2.0273139866753698,
        2.0245060746361387,
        2.0239813008454,
        2.0076389254465945,
        2.003595491585529,
        1.9927806551092526,
        1.984665273325021,
        1.982389665513634,
        1.9854989480176652,
        1.9874913652001578,
        2.0060573431429316,
        2.0098675626438594,
        2.0105497825913,
        2.0100154202914124,
        2.0154451403829263,
        2.0165829439184306,
        2.0138766860106774,
        2.0110225225237732,
        2.000011178849949,
        1.9780759309882934,
        1.9683160087457061,
        1.9450513883298586,
        1.9282151557243303,
        1.9188106000469944,
        1.9299782541499466
    ]
}