{
    "video_name": "class2_kick_3",
    "class": 2,
    "num_frames": 25,
    "magnitude_per_frame": [
        0.0,
        2.087620496749878,
        1.8736473321914673,
        1.8499001264572144,
        1.9320932626724243,
        1.9638874530792236,
        1.4270225763320923,
        1.4901888370513916,
        1.6410599946975708,
        2.0807039737701416,
        2.0041141510009766,
        1.9540637731552124,
        2.1213903427124023,
        2.168837308883667,
        2.383483409881592,
        2.4007532596588135,
        1.8591938018798828,
        2.1655519008636475,
        2.209768772125244,
        2.0710866451263428,
        1.8816092014312744,
        1.7446521520614624,
        1.6158372163772583,
        1.6015185117721558,
        1.4902209043502808
    ],
    "color_contrast": [
        2.8292831095930704,
        2.818089433086232,
        2.8120105640295328,
        2.812711087320956,
        2.80899993961902,
        2.792804148730076,
        2.7941464616419482,
        2.781016320182551,
        2.763777749175756,
        2.755340320414999,
        2.744063393640781,
        2.7412874888522833,
        2.731224744330785,
        2.7542196182816863,
        2.7575620592372485,
        2.7708120942920997,
        2.7794702305302024,
        2.791502474733828,
        2.8011707962670593,
        2.806268670802968,
        2.794197181923476,
        2.795468280863879,
        2.7914959388538323,
        2.796172044672808,
        2.798038557197709
    ]
}