{
    "video_name": "class4_crush_3",
    "class": 4,
    "num_frames": 32,
    "magnitude_per_frame": [
        0.0,
        0.6920965909957886,
        0.783720076084137,
        0.8088929653167725,
        0.6564534306526184,
        0.6072545647621155,
        0.803340494632721,
        1.1294686794281006,
        1.1280757188796997,
        0.9311187267303467,
        1.2700399160385132,
        1.0695561170578003,
        0.9364931583404541,
        0.6906687021255493,
        0.6788837313652039,
        0.8257965445518494,
        0.9686185121536255,
        1.1458011865615845,
        1.166925072669983,
        1.1262849569320679,
        1.0523637533187866,
        1.0205048322677612,
        1.0161514282226562,
        0.6996420621871948,
        0.5087748169898987,
        0.47845539450645447,
        0.5889685153961182,
        0.6567724943161011,
        0.7213688492774963,
        0.7390188574790955,
        0.7989007830619812,
        0.7590013146400452
    ],
    "color_contrast": [
        2.712262606916066,
        2.711199685835314,
        2.7151132306205255,
        2.7114097889607636,
        2.7084231405369454,
        2.705732829236184,
        2.715627548387442,
        2.7148768670034036,
        2.71636115456351,
        2.7109998623440688,
        2.7119167608023393,
        2.6993649484935816,
        2.7011183377429977,
        2.7030570323946295,
        2.7151717938476305,
        2.720574278451894,
        2.7219550031274404,
        2.723477666663605,
        2.727132968318625,
        2.73158143365259,
        2.7383194528653547,
        2.7402897935153634,
        2.732664316386138,
        2.7252407203247175,
        2.7275042649471697,
        2.7301360551777436,
        2.731949481665095,
        2.732045152309391,
        2.720618314267571,
        2.715427941260956,
        2.7169518569818605,
        2.710720112303784
    ]
}