{
    "video_name": "class1_lower_1",
    "class": 1,
    "num_frames": 43,
    "magnitude_per_frame": [
        0.0,
        0.0820889100432396,
        0.07689005881547928,
        0.08531834930181503,
        0.08300623297691345,
        0.12705858051776886,
        0.0826948806643486,
        0.10936809331178665,
        0.09809263795614243,
        0.11541325598955154,
        0.09493750333786011,
        0.10662580281496048,
        0.10300728678703308,
        0.11517700552940369,
        0.10136011987924576,
        0.10869834572076797,
        0.10397016257047653,
        0.10832627862691879,
        0.08348359912633896,
        0.0855703130364418,
        0.08988912403583527,
        0.09758905321359634,
        0.09789497405290604,
        0.09754088521003723,
        0.09584619104862213,
        0.08881466090679169,
        0.06357400119304657,
        0.06325758993625641,
        0.06115076690912247,
        0.06574571877717972,
        0.06498921662569046,
        0.06488416343927383,
        0.06380073726177216,
        0.059563569724559784,
        0.04270799458026886,
        0.045028138905763626,
        0.05242142453789711,
        0.061183564364910126,
        0.04193463921546936,
        0.050000183284282684,
        0.06495410203933716,
        0.065739206969738,
        0.04355485364794731
    ],
    "color_contrast": [
        2.2344567020638983,
        2.2343613075307807,
        2.2334022480103317,
        2.2337129152969677,
        2.23378517307706,
        2.2346718872059697,
        2.2343326486424706,
        2.231632096522055,
        2.2292636021638605,
        2.234103850932672,
        2.2380160583027404,
        2.2416120367171937,
        2.23657773714353,
        2.2410937856293116,
        2.2412392198703697,
        2.242939568792034,
        2.245515600100083,
        2.2476385027188264,
        2.243087943007615,
        2.245240393527914,
        2.239816320160301,
        2.2443970860748026,
        2.241857032141669,
        2.2463459519512314,
        2.243801484427812,
        2.2455802024242724,
        2.246287196358984,
        2.248029573074276,
        2.2415709744511942,
        2.242887219354767,
        2.24190603848095,
        2.244221439979961,
        2.240085100370793,
        2.240489188227248,
        2.23592167756018,
        2.238159409051713,
        2.2359439563928194,
        2.2388190143961073,
        2.238435993834905,
        2.2391777616268955,
        2.2347298046295423,
        2.235370415007624,
        2.2340329710279603
    ]
}