{
    "video_name": "class4_rip_4",
    "class": 4,
    "num_frames": 107,
    "magnitude_per_frame": [
        0.0,
        0.5025069713592529,
        0.4862707257270813,
        0.5443823933601379,
        0.5128003358840942,
        0.4865038990974426,
        0.48149779438972473,
        0.4109860956668854,
        0.38617143034935,
        0.39479729533195496,
        0.3665696084499359,
        0.3470548987388611,
        0.3428710699081421,
        0.3257755637168884,
        0.2841963768005371,
        0.3008652925491333,
        0.3047748804092407,
        0.38999882340431213,
        0.4373288154602051,
        0.5007248520851135,
        0.4937507212162018,
        0.48876142501831055,
        0.6633203625679016,
        0.5554606914520264,
        0.6074610948562622,
        0.5327826738357544,
        0.6045143604278564,
        0.4252784252166748,
        0.44266822934150696,
        0.6427916884422302,
        0.5990433692932129,
        0.5991013050079346,
        0.7089796662330627,
        0.6159281134605408,
        0.5322967171669006,
        0.49546629190444946,
        0.43213513493537903,
        0.4096640646457672,
        0.3750489354133606,
        0.33040380477905273,
        0.37444373965263367,
        0.37427300214767456,
        0.479275643825531,
        0.5145347118377686,
        0.6077812910079956,
        0.5467966198921204,
        0.6442381143569946,
        0.6294792294502258,
        0.5169795751571655,
        0.43373990058898926,
        0.4241088628768921,
        0.38396620750427246,
        0.45342782139778137,
        0.5760461688041687,
        0.6130663752555847,
        0.5937620401382446,
        0.5553107261657715,
        0.49748536944389343,
        0.515015184879303,
        0.3851727545261383,
        0.35353174805641174,
        0.3366929888725281,
        0.32999908924102783,
        0.31397441029548645,
        0.3310542106628418,
        0.32540163397789,
        0.2918494641780853,
        0.28025150299072266,
        0.29697778820991516,
        0.347095787525177,
        0.3548298478126526,
        0.3656836152076721,
        0.4038412570953369,
        0.457736998796463,
        0.4185863435268402,
        0.44723907113075256,
        0.4589273929595947,
        0.4797655940055847,
        0.46150216460227966,
        0.4531654715538025,
        0.39643487334251404,
        0.34845247864723206,
        0.3826960027217865,
        0.4759811758995056,
        0.5637908577919006,
        0.5400300025939941,
        0.5288610458374023,
        0.6287258267402649,
        0.5203807353973389,
        0.4265094995498657,
        0.35264700651168823,
        0.3017738163471222,
        0.2543187737464905,
        0.24651330709457397,
        0.3044492304325104,
        0.32021838426589966,
        0.35293829441070557,
        0.4686814844608307,
        0.5263547301292419,
        0.5422451496124268,
        0.5096306204795837,
        0.5182554125785828,
        0.48424211144447327,
        0.5315093994140625,
        0.4027027189731598,
        0.43049129843711853,
        0.5273579955101013
    ],
    "color_contrast": [
        2.352081667297533,
        2.358574833118847,
        2.351756570161424,
        2.3603547990341114,
        2.3484102657336154,
        2.3605820682396397,
        2.3585206080009247,
        2.36826612631296,
        2.3608097655233267,
        2.356190726923667,
        2.3392172700883016,
        2.3405466609054852,
        2.329972188622273,
        2.331905642694614,
        2.335508923890944,
        2.337009663279329,
        2.3334386494279427,
        2.3369693314419857,
        2.3252695955221423,
        2.3286323635757036,
        2.321066924885905,
        2.326452614843318,
        2.3219139376262046,
        2.3196975999488494,
        2.304228409861558,
        2.31804316012104,
        2.310713756285994,
        2.314426862607516,
        2.309009203821102,
        2.3199769617321895,
        2.326639944469801,
        2.3310270779520303,
        2.3344404590616614,
        2.3388630464004865,
        2.3483528200348074,
        2.342088430149262,
        2.338441869699432,
        2.3363098146327257,
        2.3469094863917985,
        2.345113483786348,
        2.3446899204002447,
        2.337527054075717,
        2.3458581840645247,
        2.346711403972288,
        2.342558870267264,
        2.3379912806189678,
        2.345181270675753,
        2.344614966001566,
        2.3367060757738694,
        2.343294728412607,
        2.347761512596654,
        2.338264378369534,
        2.3346906567549266,
        2.3322913443626794,
        2.3368829753359157,
        2.3371051831126755,
        2.339562119590673,
        2.345029372168344,
        2.350693244715616,
        2.352076866589469,
        2.343086566558495,
        2.3486130796560345,
        2.3422402155652158,
        2.344157271510798,
        2.3360056896576245,
        2.3458617051198725,
        2.342486938035075,
        2.34108757342977,
        2.3303425454110007,
        2.3383216179988753,
        2.3409225041822204,
        2.3453812270460097,
        2.3373291318928016,
        2.344804730956149,
        2.3468932847486035,
        2.343899857379086,
        2.339997478592096,
        2.338808692647584,
        2.337230834521688,
        2.3340283804209867,
        2.3246342590300184,
        2.3307795382051633,
        2.3205210325535823,
        2.3328116044652405,
        2.330694026966306,
        2.3410803996261573,
        2.3429519020634717,
        2.3439706277277264,
        2.342793491833034,
        2.3502058640906878,
        2.3545650138597276,
        2.347676148541798,
        2.344160694596326,
        2.3433121935267933,
        2.3455856567260502,
        2.33676914941242,
        2.332207052264625,
        2.336573479289964,
        2.3358581992022343,
        2.3328147868750713,
        2.3289712371920572,
        2.3308796649340406,
        2.333353078021523,
        2.3284666354865204,
        2.325685236476281,
        2.326458066441349,
        2.330887546928173
    ]
}