{
    "video_name": "class3_tape_1",
    "class": 3,
    "num_frames": 89,
    "magnitude_per_frame": [
        0.0,
        0.3016243278980255,
        0.30826565623283386,
        0.38933971524238586,
        0.42442864179611206,
        0.34858977794647217,
        0.3667365610599518,
        0.4498078227043152,
        0.5102691054344177,
        0.490537166595459,
        0.520774245262146,
        0.5523061752319336,
        0.5921158194541931,
        0.6687675714492798,
        0.6304531097412109,
        0.7146478891372681,
        0.7111427783966064,
        0.7696335911750793,
        0.7453454732894897,
        0.830487072467804,
        0.8732977509498596,
        0.9490541815757751,
        0.9469079375267029,
        0.9086725115776062,
        0.8724907636642456,
        0.8689484596252441,
        0.9364455342292786,
        0.8616455793380737,
        0.9024888873100281,
        0.8467598557472229,
        0.8667937517166138,
        0.8133000135421753,
        0.7865130305290222,
        0.6972528100013733,
        0.6490607261657715,
        0.5366785526275635,
        0.5272140502929688,
        0.5125819444656372,
        0.5173822045326233,
        0.45649686455726624,
        0.39696088433265686,
        0.3700309991836548,
        0.3742232620716095,
        0.38775256276130676,
        0.3571856617927551,
        0.30977097153663635,
        0.32910823822021484,
        0.33518174290657043,
        0.247583270072937,
        0.21545524895191193,
        0.256354957818985,
        0.26146578788757324,
        0.2951919436454773,
        0.33068257570266724,
        0.2795126736164093,
        0.23055359721183777,
        0.2933664619922638,
        0.32057711482048035,
        0.31396207213401794,
        0.35505029559135437,
        0.2837684750556946,
        0.2710246443748474,
        0.2843226492404938,
        0.2900804579257965,
        0.32369694113731384,
        0.2869448959827423,
        0.325278103351593,
        0.2729353904724121,
        0.2531142830848694,
        0.2352975606918335,
        0.2133432775735855,
        0.23759789764881134,
        0.18885889649391174,
        0.23805132508277893,
        0.16989284753799438,
        0.15359526872634888,
        0.21609456837177277,
        0.2824397087097168,
        0.27223047614097595,
        0.30463215708732605,
        0.38784152269363403,
        0.4157834053039551,
        0.4297560751438141,
        0.4722495377063751,
        0.4481487572193146,
        0.5543256998062134,
        0.646050751209259,
        0.7702013254165649,
        1.0384913682937622
    ],
    "color_contrast": [
        1.5015099272096795,
        1.5008976545639017,
        1.5011512983851432,
        1.5036464339122113,
        1.5015434196807218,
        1.5022884349674113,
        1.496994689453391,
        1.5010135226691654,
        1.5070324808437672,
        1.506887807309339,
        1.50894265701736,
        1.5113923304077115,
        1.511478226293293,
        1.5042542003494188,
        1.500133523711784,
        1.5012181486191332,
        1.5025697472408885,
        1.499835224941593,
        1.4962271939411793,
        1.4894284736332024,
        1.4875387979347396,
        1.4883340367898912,
        1.4858043382326007,
        1.4884360544602262,
        1.4888233360894476,
        1.492128180834504,
        1.492819788144445,
        1.4963016235556623,
        1.5011391798530258,
        1.4991413115977257,
        1.5001767294634718,
        1.4997320488609802,
        1.4938026968022107,
        1.490112092861684,
        1.4878477049694177,
        1.4909008303433806,
        1.488064130423338,
        1.4856907144049296,
        1.4865433219475195,
        1.4880969973407434,
        1.4869741535034922,
        1.4888475596532587,
        1.4856240175928472,
        1.4898878375165117,
        1.4869684706731094,
        1.4909616713970808,
        1.4778303249708675,
        1.4749438923943643,
        1.4701771557526533,
        1.4746846241068805,
        1.4783457308216397,
        1.4818357425396447,
        1.4840727011433832,
        1.4897283888562936,
        1.489030936377235,
        1.4926959409356102,
        1.487914708825145,
        1.4889106207806622,
        1.4886862175386164,
        1.4926974614230197,
        1.491038822653547,
        1.4957705309018676,
        1.4979195000874068,
        1.501992426691482,
        1.4980882606222237,
        1.4987035960036745,
        1.4969864353851812,
        1.5017906758967576,
        1.5017418993942155,
        1.5044285791788963,
        1.501844436698177,
        1.5054622573782221,
        1.5058505028747708,
        1.515008237141723,
        1.5155761190465695,
        1.513313397830621,
        1.5132366135679483,
        1.5194025960961046,
        1.516582291096034,
        1.5153685744291916,
        1.512879884596414,
        1.5105673283306222,
        1.5079968641813082,
        1.5023582477584052,
        1.5034036774334023,
        1.5095680810001968,
        1.5075527815793972,
        1.5137732867862923,
        1.5107724685283197
    ]
}