{
    "video_name": "class1_push_1",
    "class": 1,
    "num_frames": 89,
    "magnitude_per_frame": [
        0.0,
        1.2998894453048706,
        1.222416877746582,
        1.226511836051941,
        1.304212212562561,
        1.3345247507095337,
        1.366912841796875,
        1.4791767597198486,
        1.5188969373703003,
        1.5337239503860474,
        1.474786639213562,
        1.501469612121582,
        1.5615718364715576,
        1.545688509941101,
        1.5865980386734009,
        1.5282052755355835,
        1.4719092845916748,
        1.4151188135147095,
        1.3939237594604492,
        1.438744306564331,
        1.4414417743682861,
        1.329988956451416,
        1.3544641733169556,
        1.3624595403671265,
        1.382452130317688,
        1.4216477870941162,
        1.4147531986236572,
        1.3782778978347778,
        1.4144476652145386,
        1.3625234365463257,
        1.3544445037841797,
        1.3297356367111206,
        1.2933825254440308,
        1.2389178276062012,
        1.2157304286956787,
        1.2039854526519775,
        1.2108967304229736,
        1.140371322631836,
        1.0559117794036865,
        1.1017954349517822,
        1.1991510391235352,
        1.1929163932800293,
        1.2044929265975952,
        1.2075304985046387,
        1.1791999340057373,
        1.165120005607605,
        1.2131664752960205,
        1.2636491060256958,
        1.2828412055969238,
        1.2756482362747192,
        1.174087643623352,
        1.1487081050872803,
        1.0935660600662231,
        1.086006999015808,
        1.1427710056304932,
        1.157248616218567,
        1.1244120597839355,
        1.119565486907959,
        1.1266729831695557,
        1.1583590507507324,
        1.2000848054885864,
        1.2347092628479004,
        1.2499364614486694,
        1.2626579999923706,
        1.3675177097320557,
        1.3820617198944092,
        1.254197597503662,
        1.2238414287567139,
        1.1920400857925415,
        1.1814872026443481,
        1.1585146188735962,
        1.1284626722335815,
        1.080808162689209,
        1.096095085144043,
        1.0917470455169678,
        0.964555561542511,
        0.9606975317001343,
        1.013266921043396,
        0.9673224091529846,
        1.009035348892212,
        1.0006128549575806,
        0.9869868755340576,
        0.9629265069961548,
        1.015350341796875,
        1.0663833618164062,
        1.0011792182922363,
        0.8603826761245728,
        0.8729909062385559,
        0.8328779935836792
    ],
    "color_contrast": [
        2.1636020929957227,
        2.1580674667519166,
        2.1683715744206764,
        2.178157749592329,
        2.1872957377406976,
        2.1953811850739133,
        2.203669552783919,
        2.2218364542086926,
        2.2408526460681415,
        2.2634624233328617,
        2.2833657203108313,
        2.3026428444371247,
        2.323552912139005,
        2.3461082304638956,
        2.350113151963904,
        2.3518378753751548,
        2.3627993003280907,
        2.360274351610155,
        2.3660279406118487,
        2.3810294044674283,
        2.3884430131721506,
        2.4122424822975064,
        2.4398045969066957,
        2.4559776957836723,
        2.4648051239423157,
        2.463414455287415,
        2.468889316081665,
        2.467806624396396,
        2.449525785280845,
        2.4390686393706824,
        2.419682899878003,
        2.398695888877808,
        2.3796297623333107,
        2.363144245987478,
        2.34987846448034,
        2.3310790932321725,
        2.3252301456795332,
        2.314685536790486,
        2.29994968255647,
        2.294931610924146,
        2.2828975771267963,
        2.283241361297085,
        2.275733312759199,
        2.2649690580049846,
        2.262787917922622,
        2.244369046856878,
        2.247604273654993,
        2.2324952186943317,
        2.235983922505128,
        2.219159361955222,
        2.2147206664426777,
        2.2002953430212706,
        2.2010977291882705,
        2.192870446021501,
        2.180745729386257,
        2.173686910327609,
        2.1650909122431194,
        2.1696172941452074,
        2.169894164987467,
        2.1754005307556223,
        2.1711010218985582,
        2.174811795006027,
        2.189372666358468,
        2.1930149631579465,
        2.2070007158062515,
        2.2165622118600146,
        2.2300804085163777,
        2.23106127410572,
        2.2472951542492785,
        2.254199080236518,
        2.2626582853892074,
        2.2622918637208995,
        2.26936777462167,
        2.2812336237336632,
        2.2847057971359193,
        2.2869604604997718,
        2.293900285548262,
        2.302024406662363,
        2.310755058445116,
        2.3021177325270528,
        2.310996366701114,
        2.3067162824845457,
        2.3170566439264104,
        2.320484593558201,
        2.3284439842310345,
        2.32322840490679,
        2.318205032096175,
        2.3107022793938965,
        2.313167169201145
    ]
}