{
    "video_name": "class4_crush_4",
    "class": 4,
    "num_frames": 83,
    "magnitude_per_frame": [
        0.0,
        0.1410028338432312,
        0.11761138588190079,
        0.1357182413339615,
        0.14309486746788025,
        0.2295648455619812,
        0.15623171627521515,
        0.15699224174022675,
        0.16650758683681488,
        0.17614716291427612,
        0.16946738958358765,
        0.1906263530254364,
        0.18789725005626678,
        0.21414661407470703,
        0.21467752754688263,
        0.20860855281352997,
        0.20385931432247162,
        0.21333135664463043,
        0.20243042707443237,
        0.1828116476535797,
        0.1994006335735321,
        0.17649374902248383,
        0.15388889610767365,
        0.18132230639457703,
        0.22894935309886932,
        0.18240666389465332,
        0.14989140629768372,
        0.14629599452018738,
        0.15978756546974182,
        0.14647947251796722,
        0.13363099098205566,
        0.12673288583755493,
        0.12628702819347382,
        0.12174228578805923,
        0.10965122282505035,
        0.12518852949142456,
        0.16846707463264465,
        0.22929096221923828,
        0.2699235677719116,
        0.18056735396385193,
        0.16211962699890137,
        0.1412866860628128,
        0.12656842172145844,
        0.14744696021080017,
        0.16097494959831238,
        0.18033534288406372,
        0.1563442498445511,
        0.14265695214271545,
        0.15602567791938782,
        0.1688639372587204,
        0.144277885556221,
        0.13385967910289764,
        0.1354268342256546,
        0.14061839878559113,
        0.11187628656625748,
        0.11423546075820923,
        0.1459176391363144,
        0.13876478374004364,
        0.1287003457546234,
        0.12559373676776886,
        0.1021590605378151,
        0.12080306559801102,
        0.1402471959590912,
        0.17351995408535004,
        0.19299647212028503,
        0.17824406921863556,
        0.16119170188903809,
        0.15174931287765503,
        0.12775225937366486,
        0.11116595566272736,
        0.07546331733465195,
        0.07305508106946945,
        0.0829261839389801,
        0.10128698498010635,
        0.10164687037467957,
        0.08939174562692642,
        0.10191228240728378,
        0.1045289933681488,
        0.07071550190448761,
        0.1074463278055191,
        0.11721832305192947,
        0.1343814730644226,
        0.09990222752094269
    ],
    "color_contrast": [
        2.1406920512886702,
        2.1436314106255,
        2.1424064898961825,
        2.143293087388774,
        2.1411985006150074,
        2.1439781083015044,
        2.1439179704113096,
        2.1417661846980933,
        2.142168673761622,
        2.1422208489012324,
        2.1426649738075265,
        2.141566698080887,
        2.1401155057154586,
        2.1422187711780034,
        2.1410049878250823,
        2.141706832898458,
        2.138227782895915,
        2.1405223084398193,
        2.1411747679174478,
        2.1405615121054726,
        2.1373395731969405,
        2.140660185617807,
        2.142616015516373,
        2.142431353823176,
        2.1391822870795387,
        2.1405213273136314,
        2.1367902716124005,
        2.1356840126502297,
        2.133627892270047,
        2.1319486545510813,
        2.132506159353105,
        2.1323352200146766,
        2.1303288696991043,
        2.1338916281554408,
        2.1315047555482773,
        2.1359417066399247,
        2.137679302655198,
        2.1413212238672568,
        2.1426074852030648,
        2.1418601960470913,
        2.141590893587541,
        2.1447800681595828,
        2.1393838700127255,
        2.1393092804298615,
        2.1372910941200396,
        2.138803904002763,
        2.13902275665225,
        2.1373868754202543,
        2.1349225356263895,
        2.13619948612292,
        2.1339950040201887,
        2.1319264056626563,
        2.127817305488231,
        2.12917489077343,
        2.1258278241116955,
        2.1267137319437106,
        2.1233544592017535,
        2.125753764059359,
        2.1268894748698646,
        2.1266354270350676,
        2.1241956088445204,
        2.1277370893482614,
        2.128417982971742,
        2.130780510962099,
        2.131221398267459,
        2.1297479084585724,
        2.1276572808662997,
        2.1268737919046656,
        2.124360279102698,
        2.124836539426965,
        2.122736274413316,
        2.125686532648953,
        2.1248037002163533,
        2.1260780156306507,
        2.126517964222613,
        2.1271468928070583,
        2.125976171293612,
        2.1281017974002046,
        2.1272568444189743,
        2.1271715960558746,
        2.1260909744252157,
        2.1261969608808813,
        2.123696906004918
    ]
}