{
    "video_name": "class2_kick_4",
    "class": 2,
    "num_frames": 91,
    "magnitude_per_frame": [
        0.0,
        0.4263904094696045,
        0.3874097764492035,
        0.3789863586425781,
        0.29514095187187195,
        0.3151802718639374,
        0.2040703296661377,
        0.1547783762216568,
        0.18742170929908752,
        0.2423437088727951,
        0.16685888171195984,
        0.15620185434818268,
        0.16208578646183014,
        0.21614132821559906,
        0.20749668776988983,
        0.2117139995098114,
        0.23258614540100098,
        0.27415037155151367,
        0.24809829890727997,
        0.314092755317688,
        0.2868518829345703,
        0.3368968665599823,
        0.31959298253059387,
        0.3196159601211548,
        0.323923259973526,
        0.2883954644203186,
        0.27307870984077454,
        0.2552502751350403,
        0.2498747706413269,
        0.358943909406662,
        0.39847540855407715,
        0.4363706409931183,
        0.43420156836509705,
        0.4875377118587494,
        0.48771995306015015,
        0.5338675379753113,
        0.5224013924598694,
        0.6016677021980286,
        0.5935206413269043,
        0.5163360834121704,
        0.484781414270401,
        0.4020771384239197,
        0.36998945474624634,
        0.4026109576225281,
        0.40082424879074097,
        0.3763366937637329,
        0.3483801484107971,
        0.3169894218444824,
        0.33069273829460144,
        0.3948962688446045,
        0.47809910774230957,
        0.6115258932113647,
        0.6904116868972778,
        0.7262449264526367,
        0.7552903294563293,
        1.0122665166854858,
        0.7756739854812622,
        0.7893612384796143,
        0.7876218557357788,
        0.8448314070701599,
        0.7810254096984863,
        1.0260969400405884,
        0.5746545195579529,
        0.4901343882083893,
        0.46192923188209534,
        0.44601762294769287,
        0.3929111361503601,
        0.4260389506816864,
        0.5828583836555481,
        0.9421400427818298,
        0.760765552520752,
        0.6461145281791687,
        0.48545363545417786,
        0.5193234086036682,
        0.5425286293029785,
        0.6029980182647705,
        0.5886521935462952,
        0.5647414326667786,
        0.5458970665931702,
        0.5460841655731201,
        0.46971604228019714,
        0.4574136435985565,
        0.41674894094467163,
        0.47420021891593933,
        0.38241514563560486,
        0.39084094762802124,
        0.3943665623664856,
        0.45132288336753845,
        0.4264742136001587,
        0.31590062379837036,
        0.24432650208473206
    ],
    "color_contrast": [
        2.6590885956118893,
        2.6350852316856344,
        2.627465293987214,
        2.6328777849263116,
        2.6277938789524278,
        2.607289006664367,
        2.602135681623845,
        2.5955160996812663,
        2.597701264152202,
        2.591640737827612,
        2.5895175142557236,
        2.5891681020118256,
        2.583233539402557,
        2.5862578052727305,
        2.585170384319648,
        2.5755997701531657,
        2.5734001438047462,
        2.5759189213294524,
        2.5780073770181877,
        2.5775927210475316,
        2.570323403498601,
        2.577104915242518,
        2.5692780850094126,
        2.563908147352291,
        2.5508926188898204,
        2.549630724315018,
        2.546362788614937,
        2.544603876010621,
        2.531072696294922,
        2.551902537467081,
        2.5488884892245474,
        2.5547732252786792,
        2.542760573870925,
        2.5440576324263455,
        2.550686853683269,
        2.5572452555915453,
        2.5520626895835705,
        2.561696802321001,
        2.5688012377410443,
        2.5675331654373474,
        2.5732599156133777,
        2.5779534062483003,
        2.583691437492611,
        2.6004081994588537,
        2.6154637251201756,
        2.6251387640469326,
        2.629568119155317,
        2.6355894031814096,
        2.6331738696995735,
        2.6352062902659954,
        2.6365667446804473,
        2.666188918150622,
        2.6933499131614758,
        2.693511039606035,
        2.7067901273472312,
        2.7045523391754442,
        2.694756044154486,
        2.682066858277746,
        2.6689811909760572,
        2.656931958747073,
        2.604038469630567,
        2.5835346029131903,
        2.558651175571936,
        2.5371183598362363,
        2.529874078684249,
        2.5331896758889973,
        2.5411466070609965,
        2.560315660014062,
        2.5638617623953923,
        2.590131585610069,
        2.594943977031731,
        2.600150733927933,
        2.5791743261953513,
        2.5886458331702484,
        2.5925400079881467,
        2.579757313805844,
        2.578440629431645,
        2.576989921000752,
        2.558097623585502,
        2.5449355380182226,
        2.5304411850520703,
        2.5225230244259764,
        2.5188958460817066,
        2.507984863641436,
        2.5097022807066263,
        2.507770633662347,
        2.503006545118585,
        2.5025175708353573,
        2.5041032725655796,
        2.5070773341508454,
        2.5134790175133204
    ]
}